name,url,full_url,important_numbers,likelihood_force_by_pop,likelihood_force_by_arrests
"Aberdeen, Monmouth",/database/pd-dept/aberdeen-monmouth,http://force.nj.com/database/pd-dept/aberdeen-monmouth,"['294%', '42%']",294%,42%
"Absecon, Atlantic",/database/pd-dept/absecon-atlantic,http://force.nj.com/database/pd-dept/absecon-atlantic,"['583%', '68%']",583%,68%
"Allendale, Bergen",/database/pd-dept/allendale-bergen,http://force.nj.com/database/pd-dept/allendale-bergen,"['N/A', '8%']",N/A,8%
"Allenhurst, Monmouth",/database/pd-dept/allenhurst-monmouth,http://force.nj.com/database/pd-dept/allenhurst-monmouth,"['N/A', 'N/A']",N/A,N/A
"Allentown, Monmouth",/database/pd-dept/allentown-monmouth,http://force.nj.com/database/pd-dept/allentown-monmouth,"['N/A', 'N/A']",N/A,N/A
"Alpine, Bergen",/database/pd-dept/alpine-bergen,http://force.nj.com/database/pd-dept/alpine-bergen,"['N/A', 'N/A']",N/A,N/A
"Andover Township, Sussex",/database/pd-dept/andover-township-sussex,http://force.nj.com/database/pd-dept/andover-township-sussex,"['N/A', '2%']",N/A,2%
"Asbury Park, Monmouth",/database/pd-dept/asbury-park-monmouth,http://force.nj.com/database/pd-dept/asbury-park-monmouth,"['96%', '39%']",96%,39%
"Atlantic City, Atlantic",/database/pd-dept/atlantic-city-atlantic,http://force.nj.com/database/pd-dept/atlantic-city-atlantic,"['35%', '3%']",35%,3%
"Atlantic Highlands, Monmouth",/database/pd-dept/atlantic-highlands-monmouth,http://force.nj.com/database/pd-dept/atlantic-highlands-monmouth,"['335%', '69%']",335%,69%
"Audubon, Camden",/database/pd-dept/audubon-camden,http://force.nj.com/database/pd-dept/audubon-camden,"['N/A', 'N/A']",N/A,N/A
"Avalon, Cape May",/database/pd-dept/avalon-cape-may,http://force.nj.com/database/pd-dept/avalon-cape-may,"['N/A', 'N/A']",N/A,N/A
"Avon-By-the-Sea, Monmouth",/database/pd-dept/avon-by-the-sea-monmouth,http://force.nj.com/database/pd-dept/avon-by-the-sea-monmouth,"['N/A', 'N/A']",N/A,N/A
"Barnegat, Ocean",/database/pd-dept/barnegat-ocean,http://force.nj.com/database/pd-dept/barnegat-ocean,"['216%', '9%']",216%,9%
"Barrington, Camden",/database/pd-dept/barrington-camden,http://force.nj.com/database/pd-dept/barrington-camden,"['1147%', '4%']",1147%,4%
"Bay Head, Ocean",/database/pd-dept/bay-head-ocean,http://force.nj.com/database/pd-dept/bay-head-ocean,"['N/A', 'N/A']",N/A,N/A
"Bayonne, Hudson",/database/pd-dept/bayonne-hudson,http://force.nj.com/database/pd-dept/bayonne-hudson,"['108%', '3%']",108%,3%
"Beach Haven, Ocean",/database/pd-dept/beach-haven-ocean,http://force.nj.com/database/pd-dept/beach-haven-ocean,"['78%', '286%']",78%,286%
"Beachwood, Ocean",/database/pd-dept/beachwood-ocean,http://force.nj.com/database/pd-dept/beachwood-ocean,"['717%', '63%']",717%,63%
"Bedminster, Somerset",/database/pd-dept/bedminster-somerset,http://force.nj.com/database/pd-dept/bedminster-somerset,"['N/A', '353%']",N/A,353%
"Belleville, Essex",/database/pd-dept/belleville-essex,http://force.nj.com/database/pd-dept/belleville-essex,"['76%', '89%']",76%,89%
"Bellmawr, Camden",/database/pd-dept/bellmawr-camden,http://force.nj.com/database/pd-dept/bellmawr-camden,"['231%', '47%']",231%,47%
"Belmar, Monmouth",/database/pd-dept/belmar-monmouth,http://force.nj.com/database/pd-dept/belmar-monmouth,"['218%', '28%']",218%,28%
"Belvidere, Warren",/database/pd-dept/belvidere-warren,http://force.nj.com/database/pd-dept/belvidere-warren,"['N/A', 'N/A']",N/A,N/A
"Bergenfield, Bergen",/database/pd-dept/bergenfield-bergen,http://force.nj.com/database/pd-dept/bergenfield-bergen,"['40%', '17%']",40%,17%
"Berkeley Heights, Union",/database/pd-dept/berkeley-heights-union,http://force.nj.com/database/pd-dept/berkeley-heights-union,"['N/A', 'N/A']",N/A,N/A
"Berkeley, Ocean",/database/pd-dept/berkeley-ocean,http://force.nj.com/database/pd-dept/berkeley-ocean,"['41%', '76%']",41%,76%
"Berlin Borough, Camden",/database/pd-dept/berlin-borough-camden,http://force.nj.com/database/pd-dept/berlin-borough-camden,"['529%', '14%']",529%,14%
"Berlin Township, Camden",/database/pd-dept/berlin-township-camden,http://force.nj.com/database/pd-dept/berlin-township-camden,"['36%', '31%']",36%,31%
"Bernards, Somerset",/database/pd-dept/bernards-somerset,http://force.nj.com/database/pd-dept/bernards-somerset,"['779%', '10%']",779%,10%
"Bernardsville, Somerset",/database/pd-dept/bernardsville-somerset,http://force.nj.com/database/pd-dept/bernardsville-somerset,"['N/A', 'N/A']",N/A,N/A
"Beverly, Burlington",/database/pd-dept/beverly-burlington,http://force.nj.com/database/pd-dept/beverly-burlington,"['924%', '53%']",924%,53%
"Blairstown, Warren",/database/pd-dept/blairstown-warren,http://force.nj.com/database/pd-dept/blairstown-warren,"['N/A', 'N/A']",N/A,N/A
"Bloomfield, Essex",/database/pd-dept/bloomfield-essex,http://force.nj.com/database/pd-dept/bloomfield-essex,"['252%', '83%']",252%,83%
"Bloomingdale, Passaic",/database/pd-dept/bloomingdale-passaic,http://force.nj.com/database/pd-dept/bloomingdale-passaic,"['642%', '79%']",642%,79%
"Bogota, Bergen",/database/pd-dept/bogota-bergen,http://force.nj.com/database/pd-dept/bogota-bergen,"['68%', '52%']",68%,52%
"Boonton, Morris",/database/pd-dept/boonton-morris,http://force.nj.com/database/pd-dept/boonton-morris,"['747%', '88%']",747%,88%
"Boonton Township, Morris",/database/pd-dept/boonton-township-morris,http://force.nj.com/database/pd-dept/boonton-township-morris,"['N/A', 'N/A']",N/A,N/A
"Bordentown Township, Burlington",/database/pd-dept/bordentown-township-burlington,http://force.nj.com/database/pd-dept/bordentown-township-burlington,"['367%', '5%']",367%,5%
"Bordentown City, Burlington",/database/pd-dept/bordentown-burlington,http://force.nj.com/database/pd-dept/bordentown-burlington,"['254%', '35%']",254%,35%
"Bound Brook, Somerset",/database/pd-dept/bound-brook-somerset,http://force.nj.com/database/pd-dept/bound-brook-somerset,"['527%', '36%']",527%,36%
"Bradley Beach, Monmouth",/database/pd-dept/bradley-beach-monmouth,http://force.nj.com/database/pd-dept/bradley-beach-monmouth,"['925%', '54%']",925%,54%
"Branchburg, Somerset",/database/pd-dept/branchburg-somerset,http://force.nj.com/database/pd-dept/branchburg-somerset,"['150%', '37%']",150%,37%
"Brick, Ocean",/database/pd-dept/brick-ocean,http://force.nj.com/database/pd-dept/brick-ocean,"['457%', '39%']",457%,39%
"Bridgeton City, Cumberland",/database/pd-dept/bridgeton-city-cumberland,http://force.nj.com/database/pd-dept/bridgeton-city-cumberland,"['1%', '39%']",1%,39%
"Bridgewater, Somerset",/database/pd-dept/bridgewater-somerset,http://force.nj.com/database/pd-dept/bridgewater-somerset,"['994%', '15%']",994%,15%
"Brielle, Monmouth",/database/pd-dept/brielle-monmouth,http://force.nj.com/database/pd-dept/brielle-monmouth,"['N/A', '681%']",N/A,681%
"Brigantine Beach, Atlantic",/database/pd-dept/brigantine-beach-atlantic,http://force.nj.com/database/pd-dept/brigantine-beach-atlantic,"['974%', '50%']",974%,50%
"Brooklawn, Camden",/database/pd-dept/brooklawn-camden,http://force.nj.com/database/pd-dept/brooklawn-camden,"['427%', '4%']",427%,4%
"Buena Borough, Atlantic",/database/pd-dept/buena-borough-atlantic,http://force.nj.com/database/pd-dept/buena-borough-atlantic,"['838%', '145%']",838%,145%
"Burlington City, Burlington",/database/pd-dept/burlington-city-burlington,http://force.nj.com/database/pd-dept/burlington-city-burlington,"['497%', '27%']",497%,27%
"Burlington Township, Burlington",/database/pd-dept/burlington-town-burlington,http://force.nj.com/database/pd-dept/burlington-town-burlington,"['215%', '10%']",215%,10%
"Butler, Morris",/database/pd-dept/butler-morris,http://force.nj.com/database/pd-dept/butler-morris,"['N/A', '43%']",N/A,43%
"Byram, Sussex",/database/pd-dept/byram-sussex,http://force.nj.com/database/pd-dept/byram-sussex,"['3922%', '7%']",3922%,7%
"Caldwell, Essex",/database/pd-dept/caldwell-essex,http://force.nj.com/database/pd-dept/caldwell-essex,"['101%', '17%']",101%,17%
"Camden, Camden",/database/pd-dept/camden-camden,http://force.nj.com/database/pd-dept/camden-camden,"['8%', '447%']",8%,447%
"Cape May & Cape May Point & West Cape May, Cape May",/database/pd-dept/cape-may-cape-may,http://force.nj.com/database/pd-dept/cape-may-cape-may,"['373%', '75%']",373%,75%
"Carlstadt, Bergen",/database/pd-dept/carlstadt-bergen,http://force.nj.com/database/pd-dept/carlstadt-bergen,"['N/A', '36%']",N/A,36%
"Carney's Point, Salem",/database/pd-dept/carney-s-point-salem,http://force.nj.com/database/pd-dept/carney-s-point-salem,"['238%', '45%']",238%,45%
"Carteret, Middlesex",/database/pd-dept/carteret-middlesex,http://force.nj.com/database/pd-dept/carteret-middlesex,"['103%', '38%']",103%,38%
"Cedar Grove, Essex",/database/pd-dept/cedar-grove-essex,http://force.nj.com/database/pd-dept/cedar-grove-essex,"['359%', '14%']",359%,14%
"Chatham Borough, Morris",/database/pd-dept/chatham-borough-morris,http://force.nj.com/database/pd-dept/chatham-borough-morris,"['502%', '78%']",502%,78%
"Chatham Township, Morris",/database/pd-dept/chatham-township-morris,http://force.nj.com/database/pd-dept/chatham-township-morris,"['N/A', 'N/A']",N/A,N/A
"Cherry Hill, Camden",/database/pd-dept/cherry-hill-camden,http://force.nj.com/database/pd-dept/cherry-hill-camden,"['464%', '21%']",464%,21%
"Chesilhurst, Camden",/database/pd-dept/chesilhurst-camden,http://force.nj.com/database/pd-dept/chesilhurst-camden,"['N/A', 'N/A']",N/A,N/A
"Chester Township & Chester Borough, Morris",/database/pd-dept/chester-township-morris,http://force.nj.com/database/pd-dept/chester-township-morris,"['N/A', 'N/A']",N/A,N/A
"Chesterfield, Burlington",/database/pd-dept/chesterfield-burlington,http://force.nj.com/database/pd-dept/chesterfield-burlington,"['N/A', 'N/A']",N/A,N/A
"Cinnaminson, Burlington",/database/pd-dept/cinnaminson-burlington,http://force.nj.com/database/pd-dept/cinnaminson-burlington,"['568%', '45%']",568%,45%
"Clark, Union",/database/pd-dept/clark-union,http://force.nj.com/database/pd-dept/clark-union,"['2046%', '23%']",2046%,23%
"Clayton, Gloucester",/database/pd-dept/clayton-gloucester,http://force.nj.com/database/pd-dept/clayton-gloucester,"['176%', '12%']",176%,12%
"Clementon, Camden",/database/pd-dept/clementon-camden,http://force.nj.com/database/pd-dept/clementon-camden,"['148%', '106%']",148%,106%
"Cliffside Park, Bergen",/database/pd-dept/cliffside-park-bergen,http://force.nj.com/database/pd-dept/cliffside-park-bergen,"['50%', '49%']",50%,49%
"Clifton, Passaic",/database/pd-dept/clifton-passaic,http://force.nj.com/database/pd-dept/clifton-passaic,"['118%', '29%']",118%,29%
"Clinton Township, Hunterdon",/database/pd-dept/clinton-township-hunterdon,http://force.nj.com/database/pd-dept/clinton-township-hunterdon,"['52%', '63%']",52%,63%
"Closter, Bergen",/database/pd-dept/closter-bergen,http://force.nj.com/database/pd-dept/closter-bergen,"['N/A', '12%']",N/A,12%
"Collingswood, Camden",/database/pd-dept/collingswood-camden,http://force.nj.com/database/pd-dept/collingswood-camden,"['257%', '16%']",257%,16%
"Colts Neck, Monmouth",/database/pd-dept/colts-neck-monmouth,http://force.nj.com/database/pd-dept/colts-neck-monmouth,"['N/A', 'N/A']",N/A,N/A
"Cranbury, Middlesex",/database/pd-dept/cranbury-middlesex,http://force.nj.com/database/pd-dept/cranbury-middlesex,"['N/A', '15%']",N/A,15%
"Cranford, Union",/database/pd-dept/cranford-union,http://force.nj.com/database/pd-dept/cranford-union,"['1421%', '14%']",1421%,14%
"Cresskill, Bergen",/database/pd-dept/cresskill-bergen,http://force.nj.com/database/pd-dept/cresskill-bergen,"['2255%', '123%']",2255%,123%
"Deal, Interlaken & Loch Arbour Village, Monmouth",/database/pd-dept/deal-monmouth,http://force.nj.com/database/pd-dept/deal-monmouth,"['3199%', '33%']",3199%,33%
"Delanco, Burlington",/database/pd-dept/delanco-burlington,http://force.nj.com/database/pd-dept/delanco-burlington,"['312%', '34%']",312%,34%
"Delaware, Hunterdon",/database/pd-dept/delaware-hunterdon,http://force.nj.com/database/pd-dept/delaware-hunterdon,"['N/A', 'N/A']",N/A,N/A
"Delran, Burlington",/database/pd-dept/delran-burlington,http://force.nj.com/database/pd-dept/delran-burlington,"['276%', '25%']",276%,25%
"Demarest, Bergen",/database/pd-dept/demarest-bergen,http://force.nj.com/database/pd-dept/demarest-bergen,"['N/A', 'N/A']",N/A,N/A
"Denville, Morris",/database/pd-dept/denville-morris,http://force.nj.com/database/pd-dept/denville-morris,"['237%', '40%']",237%,40%
"Deptford, Gloucester",/database/pd-dept/deptford-gloucester,http://force.nj.com/database/pd-dept/deptford-gloucester,"['181%', '8%']",181%,8%
"Dover, Morris",/database/pd-dept/dover-morris,http://force.nj.com/database/pd-dept/dover-morris,"['33%', '1%']",33%,1%
"Dumont, Bergen",/database/pd-dept/dumont-bergen,http://force.nj.com/database/pd-dept/dumont-bergen,"['74%', '28%']",74%,28%
"Dunellen, Middlesex",/database/pd-dept/dunellen-middlesex,http://force.nj.com/database/pd-dept/dunellen-middlesex,"['10%', '31%']",10%,31%
"East Brunswick, Middlesex",/database/pd-dept/east-brunswick-middlesex,http://force.nj.com/database/pd-dept/east-brunswick-middlesex,"['308%', '3%']",308%,3%
"East Greenwich, Gloucester",/database/pd-dept/east-greenwich-gloucester,http://force.nj.com/database/pd-dept/east-greenwich-gloucester,"['340%', '39%']",340%,39%
"East Hanover, Morris",/database/pd-dept/east-hanover-morris,http://force.nj.com/database/pd-dept/east-hanover-morris,"['N/A', '54%']",N/A,54%
"East Newark, Hudson",/database/pd-dept/east-newark-hudson,http://force.nj.com/database/pd-dept/east-newark-hudson,"['N/A', 'N/A']",N/A,N/A
"East Orange, Essex",/database/pd-dept/east-orange-essex,http://force.nj.com/database/pd-dept/east-orange-essex,"['238%', '454%']",238%,454%
"East Rutherford, Bergen",/database/pd-dept/east-rutherford-bergen,http://force.nj.com/database/pd-dept/east-rutherford-bergen,"['113%', '39%']",113%,39%
"East Windsor, Mercer",/database/pd-dept/east-windsor-mercer,http://force.nj.com/database/pd-dept/east-windsor-mercer,"['125%', '46%']",125%,46%
"Eastampton, Burlington",/database/pd-dept/eastampton-burlington,http://force.nj.com/database/pd-dept/eastampton-burlington,"['N/A', 'N/A']",N/A,N/A
"Eatontown, Monmouth",/database/pd-dept/eatontown-monmouth,http://force.nj.com/database/pd-dept/eatontown-monmouth,"['482%', '2%']",482%,2%
"Edgewater Park, Burlington",/database/pd-dept/edgewater-park-burlington,http://force.nj.com/database/pd-dept/edgewater-park-burlington,"['107%', '3%']",107%,3%
"Edgewater, Bergen",/database/pd-dept/edgewater-bergen,http://force.nj.com/database/pd-dept/edgewater-bergen,"['4%', '25%']",4%,25%
"Edison, Middlesex",/database/pd-dept/edison-middlesex,http://force.nj.com/database/pd-dept/edison-middlesex,"['161%', '5%']",161%,5%
"Egg Harbor City, Atlantic",/database/pd-dept/egg-harbor-city-atlantic,http://force.nj.com/database/pd-dept/egg-harbor-city-atlantic,"['239%', '154%']",239%,154%
"Egg Harbor Township, Atlantic",/database/pd-dept/egg-harbor-township-atlantic,http://force.nj.com/database/pd-dept/egg-harbor-township-atlantic,"['390%', '34%']",390%,34%
"Elizabeth, Union",/database/pd-dept/elizabeth-union,http://force.nj.com/database/pd-dept/elizabeth-union,"['76%', '71%']",76%,71%
"Elk, Gloucester",/database/pd-dept/elk-gloucester,http://force.nj.com/database/pd-dept/elk-gloucester,"['N/A', 'N/A']",N/A,N/A
"Elmwood Park, Bergen",/database/pd-dept/elmwood-park-bergen,http://force.nj.com/database/pd-dept/elmwood-park-bergen,"['341%', '111%']",341%,111%
"Emerson, Bergen",/database/pd-dept/emerson-bergen,http://force.nj.com/database/pd-dept/emerson-bergen,"['N/A', 'N/A']",N/A,N/A
"Englewood Cliffs, Bergen",/database/pd-dept/englewood-cliffs-bergen,http://force.nj.com/database/pd-dept/englewood-cliffs-bergen,"['N/A', '739%']",N/A,739%
"Englewood, Bergen",/database/pd-dept/englewood-bergen,http://force.nj.com/database/pd-dept/englewood-bergen,"['187%', '28%']",187%,28%
"Englishtown, Monmouth",/database/pd-dept/englishtown-monmouth,http://force.nj.com/database/pd-dept/englishtown-monmouth,"['430%', '27%']",430%,27%
"Essex Fells, Essex",/database/pd-dept/essex-fells-essex,http://force.nj.com/database/pd-dept/essex-fells-essex,"['N/A', 'N/A']",N/A,N/A
"Evesham, Burlington",/database/pd-dept/evesham-burlington,http://force.nj.com/database/pd-dept/evesham-burlington,"['239%', '24%']",239%,24%
"Ewing, Mercer",/database/pd-dept/ewing-mercer,http://force.nj.com/database/pd-dept/ewing-mercer,"['371%', '12%']",371%,12%
"Fair Haven, Monmouth",/database/pd-dept/fair-haven-monmouth,http://force.nj.com/database/pd-dept/fair-haven-monmouth,"['N/A', 'N/A']",N/A,N/A
"Fairfield, Essex",/database/pd-dept/fairfield-essex,http://force.nj.com/database/pd-dept/fairfield-essex,"['N/A', '57%']",N/A,57%
"Fairlawn, Bergen",/database/pd-dept/fairlawn-bergen,http://force.nj.com/database/pd-dept/fairlawn-bergen,"['498%', '30%']",498%,30%
"Fairview, Bergen",/database/pd-dept/fairview-bergen,http://force.nj.com/database/pd-dept/fairview-bergen,"['72%', '42%']",72%,42%
"Fanwood, Union",/database/pd-dept/fanwood-union,http://force.nj.com/database/pd-dept/fanwood-union,"['390%', '13%']",390%,13%
"Far Hills, Somerset",/database/pd-dept/far-hills-somerset,http://force.nj.com/database/pd-dept/far-hills-somerset,"['N/A', 'N/A']",N/A,N/A
"Flemington, Hunterdon",/database/pd-dept/flemington-hunterdon,http://force.nj.com/database/pd-dept/flemington-hunterdon,"['223%', '2%']",223%,2%
"Florence, Burlington",/database/pd-dept/florence-burlington,http://force.nj.com/database/pd-dept/florence-burlington,"['324%', '17%']",324%,17%
"Florham Park, Morris",/database/pd-dept/florham-park-morris,http://force.nj.com/database/pd-dept/florham-park-morris,"['273%', '43%']",273%,43%
"Fort Lee, Bergen",/database/pd-dept/fort-lee-bergen,http://force.nj.com/database/pd-dept/fort-lee-bergen,"['307%', '5%']",307%,5%
"Franklin, Sussex",/database/pd-dept/franklin-sussex,http://force.nj.com/database/pd-dept/franklin-sussex,"['15%', '28%']",15%,28%
"Franklin Lakes, Bergen",/database/pd-dept/franklin-lakes-bergen,http://force.nj.com/database/pd-dept/franklin-lakes-bergen,"['N/A', '123%']",N/A,123%
"Franklin, Gloucester",/database/pd-dept/franklin-gloucester,http://force.nj.com/database/pd-dept/franklin-gloucester,"['20%', '56%']",20%,56%
"Franklin, Somerset",/database/pd-dept/franklin-somerset,http://force.nj.com/database/pd-dept/franklin-somerset,"['202%', '9%']",202%,9%
"Freehold Borough, Monmouth",/database/pd-dept/freehold-borough-monmouth,http://force.nj.com/database/pd-dept/freehold-borough-monmouth,"['110%', '44%']",110%,44%
"Freehold Township, Monmouth",/database/pd-dept/freehold-township-monmouth,http://force.nj.com/database/pd-dept/freehold-township-monmouth,"['454%', '89%']",454%,89%
"Frenchtown, Hunterdon",/database/pd-dept/frenchtown-hunterdon,http://force.nj.com/database/pd-dept/frenchtown-hunterdon,"['N/A', 'N/A']",N/A,N/A
"Galloway, Atlantic",/database/pd-dept/galloway-atlantic,http://force.nj.com/database/pd-dept/galloway-atlantic,"['173%', '19%']",173%,19%
"Garfield, Bergen",/database/pd-dept/garfield-bergen,http://force.nj.com/database/pd-dept/garfield-bergen,"['95%', '24%']",95%,24%
"Garwood, Union",/database/pd-dept/garwood-union,http://force.nj.com/database/pd-dept/garwood-union,"['N/A', '92%']",N/A,92%
"Gibbsboro, Camden",/database/pd-dept/gibbsboro-camden,http://force.nj.com/database/pd-dept/gibbsboro-camden,"['N/A', '1%']",N/A,1%
"Glassboro, Gloucester",/database/pd-dept/glassboro-gloucester,http://force.nj.com/database/pd-dept/glassboro-gloucester,"['354%', '77%']",354%,77%
"Glen Ridge, Essex",/database/pd-dept/glen-ridge-essex,http://force.nj.com/database/pd-dept/glen-ridge-essex,"['2498%', '67%']",2498%,67%
"Glen Rock, Bergen",/database/pd-dept/glen-rock-bergen,http://force.nj.com/database/pd-dept/glen-rock-bergen,"['N/A', '31%']",N/A,31%
"Gloucester City, Camden",/database/pd-dept/gloucester-city-camden,http://force.nj.com/database/pd-dept/gloucester-city-camden,"['449%', '137%']",449%,137%
"Gloucester Township, Camden",/database/pd-dept/gloucester-township-camden,http://force.nj.com/database/pd-dept/gloucester-township-camden,"['270%', '25%']",270%,25%
"Green Brook, Somerset",/database/pd-dept/green-brook-somerset,http://force.nj.com/database/pd-dept/green-brook-somerset,"['293%', '32%']",293%,32%
"Greenwich, Gloucester",/database/pd-dept/greenwich-gloucester,http://force.nj.com/database/pd-dept/greenwich-gloucester,"['501%', '4%']",501%,4%
"Greenwich, Warren",/database/pd-dept/greenwich-warren,http://force.nj.com/database/pd-dept/greenwich-warren,"['N/A', 'N/A']",N/A,N/A
"Guttenberg, Hudson",/database/pd-dept/guttenberg-hudson,http://force.nj.com/database/pd-dept/guttenberg-hudson,"['92%', '10%']",92%,10%
"Hackensack, Bergen",/database/pd-dept/hackensack-bergen,http://force.nj.com/database/pd-dept/hackensack-bergen,"['189%', '216%']",189%,216%
"Hackettstown, Warren",/database/pd-dept/hackettstown-warren,http://force.nj.com/database/pd-dept/hackettstown-warren,"['N/A', 'N/A']",N/A,N/A
"Haddon Heights, Camden",/database/pd-dept/haddon-heights-camden,http://force.nj.com/database/pd-dept/haddon-heights-camden,"['N/A', '18%']",N/A,18%
"Haddon & Audubon Park, Camden",/database/pd-dept/haddon-camden,http://force.nj.com/database/pd-dept/haddon-camden,"['2052%', '59%']",2052%,59%
"Haddonfield & Tavistock, Camden",/database/pd-dept/haddonfield-camden,http://force.nj.com/database/pd-dept/haddonfield-camden,"['N/A', '191%']",N/A,191%
"Haledon, Passaic",/database/pd-dept/haledon-passaic,http://force.nj.com/database/pd-dept/haledon-passaic,"['869%', '242%']",869%,242%
"Hamburg, Sussex",/database/pd-dept/hamburg-sussex,http://force.nj.com/database/pd-dept/hamburg-sussex,"['N/A', '32%']",N/A,32%
"Hamilton, Atlantic",/database/pd-dept/hamilton-atlantic,http://force.nj.com/database/pd-dept/hamilton-atlantic,"['100%', '11%']",100%,11%
"Hamilton, Mercer",/database/pd-dept/hamilton-mercer,http://force.nj.com/database/pd-dept/hamilton-mercer,"['304%', '23%']",304%,23%
"Hammonton, Atlantic",/database/pd-dept/hammonton-atlantic,http://force.nj.com/database/pd-dept/hammonton-atlantic,"['9%', '40%']",9%,40%
"Hanover, Morris",/database/pd-dept/hanover-morris,http://force.nj.com/database/pd-dept/hanover-morris,"['4005%', '38%']",4005%,38%
"Harding, Morris",/database/pd-dept/harding-morris,http://force.nj.com/database/pd-dept/harding-morris,"['N/A', '109%']",N/A,109%
"Hardyston, Sussex",/database/pd-dept/hardyston-sussex,http://force.nj.com/database/pd-dept/hardyston-sussex,"['N/A', '16%']",N/A,16%
"Harrington Park, Bergen",/database/pd-dept/harrington-park-bergen,http://force.nj.com/database/pd-dept/harrington-park-bergen,"['N/A', 'N/A']",N/A,N/A
"Harrison, Gloucester",/database/pd-dept/harrison-gloucester,http://force.nj.com/database/pd-dept/harrison-gloucester,"['N/A', '101%']",N/A,101%
"Harrison, Hudson",/database/pd-dept/harrison-hudson,http://force.nj.com/database/pd-dept/harrison-hudson,"['23%', '65%']",23%,65%
"Harvey Cedars, Ocean",/database/pd-dept/harvey-cedars-ocean,http://force.nj.com/database/pd-dept/harvey-cedars-ocean,"['N/A', '511%']",N/A,511%
"Hasbrouck Heights, Bergen",/database/pd-dept/hasbrouck-heights-bergen,http://force.nj.com/database/pd-dept/hasbrouck-heights-bergen,"['556%', '17%']",556%,17%
"Haworth, Bergen",/database/pd-dept/haworth-bergen,http://force.nj.com/database/pd-dept/haworth-bergen,"['N/A', 'N/A']",N/A,N/A
"Hawthorne, Passaic",/database/pd-dept/hawthorne-passaic,http://force.nj.com/database/pd-dept/hawthorne-passaic,"['211%', '39%']",211%,39%
"Hazlet, Monmouth",/database/pd-dept/hazlet-monmouth,http://force.nj.com/database/pd-dept/hazlet-monmouth,"['73%', '47%']",73%,47%
"Helmetta, Middlesex",/database/pd-dept/helmetta-middlesex,http://force.nj.com/database/pd-dept/helmetta-middlesex,"['N/A', '26%']",N/A,26%
"High Bridge, Hunterdon",/database/pd-dept/high-bridge-hunterdon,http://force.nj.com/database/pd-dept/high-bridge-hunterdon,"['N/A', '38%']",N/A,38%
"Highland Park, Middlesex",/database/pd-dept/highland-park-middlesex,http://force.nj.com/database/pd-dept/highland-park-middlesex,"['1033%', '51%']",1033%,51%
"Highlands, Monmouth",/database/pd-dept/highlands-monmouth,http://force.nj.com/database/pd-dept/highlands-monmouth,"['163%', '52%']",163%,52%
"Hightstown, Mercer",/database/pd-dept/hightstown-mercer,http://force.nj.com/database/pd-dept/hightstown-mercer,"['102%', '30%']",102%,30%
"Hillsborough, Somerset",/database/pd-dept/hillsborough-somerset,http://force.nj.com/database/pd-dept/hillsborough-somerset,"['143%', '10%']",143%,10%
"Hillsdale, Bergen",/database/pd-dept/hillsdale-bergen,http://force.nj.com/database/pd-dept/hillsdale-bergen,"['N/A', '304%']",N/A,304%
"Hillside, Union",/database/pd-dept/hillside-union,http://force.nj.com/database/pd-dept/hillside-union,"['75%', '74%']",75%,74%
"Ho-Ho-Kus, Bergen",/database/pd-dept/ho-ho-kus-bergen,http://force.nj.com/database/pd-dept/ho-ho-kus-bergen,"['N/A', '10%']",N/A,10%
"Hoboken, Hudson",/database/pd-dept/hoboken-hudson,http://force.nj.com/database/pd-dept/hoboken-hudson,"['1543%', '23%']",1543%,23%
"Holmdel, Monmouth",/database/pd-dept/holmdel-monmouth,http://force.nj.com/database/pd-dept/holmdel-monmouth,"['349%', '64%']",349%,64%
"Hopatcong, Sussex",/database/pd-dept/hopatcong-sussex,http://force.nj.com/database/pd-dept/hopatcong-sussex,"['375%', '78%']",375%,78%
"Hopewell Township & Hopewell Borough, Mercer",/database/pd-dept/hopewell-township-mercer,http://force.nj.com/database/pd-dept/hopewell-township-mercer,"['69%', '57%']",69%,57%
"Howell, Monmouth",/database/pd-dept/howell-monmouth,http://force.nj.com/database/pd-dept/howell-monmouth,"['396%', '9%']",396%,9%
"Independence, Warren",/database/pd-dept/independence-warren,http://force.nj.com/database/pd-dept/independence-warren,"['N/A', 'N/A']",N/A,N/A
"Irvington, Essex",/database/pd-dept/irvington-essex,http://force.nj.com/database/pd-dept/irvington-essex,"['27%', '46%']",27%,46%
"Island Heights, Ocean",/database/pd-dept/island-heights-ocean,http://force.nj.com/database/pd-dept/island-heights-ocean,"['N/A', 'N/A']",N/A,N/A
"Jackson, Ocean",/database/pd-dept/jackson-ocean,http://force.nj.com/database/pd-dept/jackson-ocean,"['180%', '13%']",180%,13%
"Jamesburg, Middlesex",/database/pd-dept/jamesburg-middlesex,http://force.nj.com/database/pd-dept/jamesburg-middlesex,"['15%', '43%']",15%,43%
"Jefferson, Morris",/database/pd-dept/jefferson-morris,http://force.nj.com/database/pd-dept/jefferson-morris,"['270%', '12%']",270%,12%
"Jersey City, Hudson",/database/pd-dept/jersey-city-hudson,http://force.nj.com/database/pd-dept/jersey-city-hudson,"['489%', '192%']",489%,192%
"Keansburg, Monmouth",/database/pd-dept/keansburg-monmouth,http://force.nj.com/database/pd-dept/keansburg-monmouth,"['306%', '90%']",306%,90%
"Kearny, Hudson",/database/pd-dept/kearny-hudson,http://force.nj.com/database/pd-dept/kearny-hudson,"['151%', '7%']",151%,7%
"Kenilworth, Union",/database/pd-dept/kenilworth-union,http://force.nj.com/database/pd-dept/kenilworth-union,"['221%', '22%']",221%,22%
"Keyport, Monmouth",/database/pd-dept/keyport-monmouth,http://force.nj.com/database/pd-dept/keyport-monmouth,"['N/A', '67%']",N/A,67%
"Kinnelon, Morris",/database/pd-dept/kinnelon-morris,http://force.nj.com/database/pd-dept/kinnelon-morris,"['N/A', '130%']",N/A,130%
"Lacey, Ocean",/database/pd-dept/lacey-ocean,http://force.nj.com/database/pd-dept/lacey-ocean,"['1439%', '105%']",1439%,105%
"Lake Como, Monmouth",/database/pd-dept/lake-como-monmouth,http://force.nj.com/database/pd-dept/lake-como-monmouth,"['340%', '182%']",340%,182%
"Lakehurst, Ocean",/database/pd-dept/lakehurst-ocean,http://force.nj.com/database/pd-dept/lakehurst-ocean,"['575%', '211%']",575%,211%
"Lakewood, Ocean",/database/pd-dept/lakewood-ocean,http://force.nj.com/database/pd-dept/lakewood-ocean,"['2104%', '138%']",2104%,138%
"Lambertville, Hunterdon",/database/pd-dept/lambertville-hunterdon,http://force.nj.com/database/pd-dept/lambertville-hunterdon,"['N/A', 'N/A']",N/A,N/A
"Laurel Springs, Camden",/database/pd-dept/laurel-springs-camden,http://force.nj.com/database/pd-dept/laurel-springs-camden,"['N/A', 'N/A']",N/A,N/A
"Lavallette, Ocean",/database/pd-dept/lavallette-ocean,http://force.nj.com/database/pd-dept/lavallette-ocean,"['N/A', '94%']",N/A,94%
"Lawrence, Mercer",/database/pd-dept/lawrence-mercer,http://force.nj.com/database/pd-dept/lawrence-mercer,"['521%', '38%']",521%,38%
"Lebanon Township, Hunterdon",/database/pd-dept/lebanon-hunterdon,http://force.nj.com/database/pd-dept/lebanon-hunterdon,"['N/A', 'N/A']",N/A,N/A
"Leonia, Bergen",/database/pd-dept/leonia-bergen,http://force.nj.com/database/pd-dept/leonia-bergen,"['N/A', '224%']",N/A,224%
"Lincoln Park, Morris",/database/pd-dept/lincoln-park-morris,http://force.nj.com/database/pd-dept/lincoln-park-morris,"['N/A', 'N/A']",N/A,N/A
"Linden, Union",/database/pd-dept/linden-union,http://force.nj.com/database/pd-dept/linden-union,"['64%', '38%']",64%,38%
"Lindenwold, Camden",/database/pd-dept/lindenwold-camden,http://force.nj.com/database/pd-dept/lindenwold-camden,"['70%', '37%']",70%,37%
"Linwood, Atlantic",/database/pd-dept/linwood-atlantic,http://force.nj.com/database/pd-dept/linwood-atlantic,"['882%', '24%']",882%,24%
"Little Egg Harbor, Ocean",/database/pd-dept/little-egg-harbor-ocean,http://force.nj.com/database/pd-dept/little-egg-harbor-ocean,"['4500%', '31%']",4500%,31%
"Little Falls, Passaic",/database/pd-dept/little-falls-passaic,http://force.nj.com/database/pd-dept/little-falls-passaic,"['131%', '2%']",131%,2%
"Little Ferry, Bergen",/database/pd-dept/little-ferry-bergen,http://force.nj.com/database/pd-dept/little-ferry-bergen,"['357%', '103%']",357%,103%
"Little Silver, Monmouth",/database/pd-dept/little-silver-monmouth,http://force.nj.com/database/pd-dept/little-silver-monmouth,"['N/A', '19%']",N/A,19%
"Livingston, Essex",/database/pd-dept/livingston-essex,http://force.nj.com/database/pd-dept/livingston-essex,"['3424%', '31%']",3424%,31%
"Lodi, Bergen",/database/pd-dept/lodi-bergen,http://force.nj.com/database/pd-dept/lodi-bergen,"['22%', '42%']",22%,42%
"Logan, Gloucester",/database/pd-dept/logan-gloucester,http://force.nj.com/database/pd-dept/logan-gloucester,['201%'],201%,
"Long Beach  & Barnegat Light, Ocean",/database/pd-dept/long-beach-ocean,http://force.nj.com/database/pd-dept/long-beach-ocean,"['N/A', 'N/A']",N/A,N/A
"Long Branch, Monmouth",/database/pd-dept/long-branch-monmouth,http://force.nj.com/database/pd-dept/long-branch-monmouth,"['152%', '9%']",152%,9%
"Long Hill, Morris",/database/pd-dept/long-hill-morris,http://force.nj.com/database/pd-dept/long-hill-morris,"['N/A', 'N/A']",N/A,N/A
"Longport, Atlantic",/database/pd-dept/longport-atlantic,http://force.nj.com/database/pd-dept/longport-atlantic,"['N/A', 'N/A']",N/A,N/A
"Lopatcong, Warren",/database/pd-dept/lopatcong-warren,http://force.nj.com/database/pd-dept/lopatcong-warren,"['N/A', '274%']",N/A,274%
"Lower Alloways Creek & Elsinboro, Salem",/database/pd-dept/lower-alloways-creek-salem,http://force.nj.com/database/pd-dept/lower-alloways-creek-salem,"['N/A', 'N/A']",N/A,N/A
"Lower Township, Cape May",/database/pd-dept/lower-township-cape-may,http://force.nj.com/database/pd-dept/lower-township-cape-may,"['163%', '47%']",163%,47%
"Lumberton, Burlington",/database/pd-dept/lumberton-burlington,http://force.nj.com/database/pd-dept/lumberton-burlington,"['533%', '123%']",533%,123%
"Lyndhurst, Bergen",/database/pd-dept/lyndhurst-bergen,http://force.nj.com/database/pd-dept/lyndhurst-bergen,"['857%', '48%']",857%,48%
"Madison, Morris",/database/pd-dept/madison-morris,http://force.nj.com/database/pd-dept/madison-morris,"['199%', '9%']",199%,9%
"Magnolia, Camden",/database/pd-dept/magnolia-camden,http://force.nj.com/database/pd-dept/magnolia-camden,"['138%', '4%']",138%,4%
"Mahwah, Bergen",/database/pd-dept/mahwah-bergen,http://force.nj.com/database/pd-dept/mahwah-bergen,"['615%', '91%']",615%,91%
"Manalapan, Monmouth",/database/pd-dept/manalapan-monmouth,http://force.nj.com/database/pd-dept/manalapan-monmouth,"['627%', '35%']",627%,35%
"Manasquan, Monmouth",/database/pd-dept/manasquan-monmouth,http://force.nj.com/database/pd-dept/manasquan-monmouth,"['556%', '62%']",556%,62%
"Manchester, Ocean",/database/pd-dept/manchester-ocean,http://force.nj.com/database/pd-dept/manchester-ocean,"['153%', '12%']",153%,12%
"Mansfield, Burlington",/database/pd-dept/mansfield-burlington,http://force.nj.com/database/pd-dept/mansfield-burlington,"['N/A', 'N/A']",N/A,N/A
"Mansfield, Warren",/database/pd-dept/mansfield-warren,http://force.nj.com/database/pd-dept/mansfield-warren,"['18%', '41%']",18%,41%
"Mantoloking, Ocean",/database/pd-dept/mantoloking-ocean,http://force.nj.com/database/pd-dept/mantoloking-ocean,"['N/A', 'N/A']",N/A,N/A
"Mantua, Gloucester",/database/pd-dept/mantua-gloucester,http://force.nj.com/database/pd-dept/mantua-gloucester,"['357%', '22%']",357%,22%
"Manville, Somerset",/database/pd-dept/manville-somerset,http://force.nj.com/database/pd-dept/manville-somerset,"['916%', '102%']",916%,102%
"Maple Shade, Burlington",/database/pd-dept/maple-shade-burlington,http://force.nj.com/database/pd-dept/maple-shade-burlington,"['194%', '4%']",194%,4%
"Maplewood, Essex",/database/pd-dept/maplewood-essex,http://force.nj.com/database/pd-dept/maplewood-essex,"['368%', '7%']",368%,7%
"Margate, Atlantic",/database/pd-dept/margate-atlantic,http://force.nj.com/database/pd-dept/margate-atlantic,"['N/A', '19%']",N/A,19%
"Marlboro, Monmouth",/database/pd-dept/marlboro-monmouth,http://force.nj.com/database/pd-dept/marlboro-monmouth,['451%'],451%,
"Matawan, Monmouth",/database/pd-dept/matawan-monmouth,http://force.nj.com/database/pd-dept/matawan-monmouth,"['160%', '6%']",160%,6%
"Maywood, Bergen",/database/pd-dept/maywood-bergen,http://force.nj.com/database/pd-dept/maywood-bergen,"['449%', '19%']",449%,19%
"Medford Lakes, Burlington",/database/pd-dept/medford-lakes-burlington,http://force.nj.com/database/pd-dept/medford-lakes-burlington,"['N/A', 'N/A']",N/A,N/A
"Medford, Burlington",/database/pd-dept/medford-burlington,http://force.nj.com/database/pd-dept/medford-burlington,"['297%', '16%']",297%,16%
"Mendham Borough, Morris",/database/pd-dept/mendham-borough-morris,http://force.nj.com/database/pd-dept/mendham-borough-morris,"['N/A', '13%']",N/A,13%
"Mendham Township, Morris",/database/pd-dept/mendham-township-morris,http://force.nj.com/database/pd-dept/mendham-township-morris,"['N/A', '127%']",N/A,127%
"Merchantville, Camden",/database/pd-dept/merchantville-camden,http://force.nj.com/database/pd-dept/merchantville-camden,"['N/A', '17%']",N/A,17%
"Metuchen, Middlesex",/database/pd-dept/metuchen-middlesex,http://force.nj.com/database/pd-dept/metuchen-middlesex,"['275%', '34%']",275%,34%
"Middle, Cape May",/database/pd-dept/middle-cape-may,http://force.nj.com/database/pd-dept/middle-cape-may,"['223%', '99%']",223%,99%
"Middlesex, Middlesex",/database/pd-dept/middlesex-middlesex,http://force.nj.com/database/pd-dept/middlesex-middlesex,"['8%', '46%']",8%,46%
"Middletown, Monmouth",/database/pd-dept/middletown-monmouth,http://force.nj.com/database/pd-dept/middletown-monmouth,"['1021%', '56%']",1021%,56%
"Midland Park, Bergen",/database/pd-dept/midland-park-bergen,http://force.nj.com/database/pd-dept/midland-park-bergen,"['N/A', 'N/A']",N/A,N/A
"Millburn, Essex",/database/pd-dept/millburn-essex,http://force.nj.com/database/pd-dept/millburn-essex,"['N/A', '76%']",N/A,76%
"Milltown, Middlesex",/database/pd-dept/milltown-middlesex,http://force.nj.com/database/pd-dept/milltown-middlesex,"['N/A', '35%']",N/A,35%
"Millville, Cumberland",/database/pd-dept/millville-cumberland,http://force.nj.com/database/pd-dept/millville-cumberland,"['581%', '138%']",581%,138%
"Monmouth Beach, Monmouth",/database/pd-dept/monmouth-beach-monmouth,http://force.nj.com/database/pd-dept/monmouth-beach-monmouth,"['N/A', '57%']",N/A,57%
"Monroe, Gloucester",/database/pd-dept/monroe-gloucester,http://force.nj.com/database/pd-dept/monroe-gloucester,"['91%', '1%']",91%,1%
"Monroe, Middlesex",/database/pd-dept/monroe-middlesex,http://force.nj.com/database/pd-dept/monroe-middlesex,"['22%', '63%']",22%,63%
"Montclair, Essex",/database/pd-dept/montclair-essex,http://force.nj.com/database/pd-dept/montclair-essex,"['490%', '15%']",490%,15%
"Montgomery, Somerset",/database/pd-dept/montgomery-somerset,http://force.nj.com/database/pd-dept/montgomery-somerset,"['N/A', 'N/A']",N/A,N/A
"Montvale, Bergen",/database/pd-dept/montvale-bergen,http://force.nj.com/database/pd-dept/montvale-bergen,"['741%', '60%']",741%,60%
"Montville, Morris",/database/pd-dept/montville-morris,http://force.nj.com/database/pd-dept/montville-morris,"['59%', '76%']",59%,76%
"Moonachie & Teterboro, Bergen",/database/pd-dept/moonachie-bergen,http://force.nj.com/database/pd-dept/moonachie-bergen,"['N/A', 'N/A']",N/A,N/A
"Moorestown, Burlington",/database/pd-dept/moorestown-burlington,http://force.nj.com/database/pd-dept/moorestown-burlington,"['842%', '6%']",842%,6%
"Morris Plains, Morris",/database/pd-dept/morris-plains-morris,http://force.nj.com/database/pd-dept/morris-plains-morris,"['N/A', '10%']",N/A,10%
"Morris Township, Morris",/database/pd-dept/morris-township-morris,http://force.nj.com/database/pd-dept/morris-township-morris,"['429%', '25%']",429%,25%
"Morristown, Morris",/database/pd-dept/morristown-morris,http://force.nj.com/database/pd-dept/morristown-morris,"['112%', '3%']",112%,3%
"Mount Arlington, Morris",/database/pd-dept/mount-arlington-morris,http://force.nj.com/database/pd-dept/mount-arlington-morris,"['N/A', 'N/A']",N/A,N/A
"Mount Ephraim, Camden",/database/pd-dept/mount-ephraim-camden,http://force.nj.com/database/pd-dept/mount-ephraim-camden,"['101%', '60%']",101%,60%
"Mount Holly, Burlington",/database/pd-dept/mount-holly-burlington,http://force.nj.com/database/pd-dept/mount-holly-burlington,"['408%', '100%']",408%,100%
"Mount Laurel, Burlington",/database/pd-dept/mount-laurel-burlington,http://force.nj.com/database/pd-dept/mount-laurel-burlington,"['392%', '3%']",392%,3%
"Mount Olive, Morris",/database/pd-dept/mount-olive-morris,http://force.nj.com/database/pd-dept/mount-olive-morris,"['31%', '56%']",31%,56%
"Mountain Lakes, Morris",/database/pd-dept/mountain-lakes-morris,http://force.nj.com/database/pd-dept/mountain-lakes-morris,"['N/A', 'N/A']",N/A,N/A
"Mountainside, Union",/database/pd-dept/mountainside-union,http://force.nj.com/database/pd-dept/mountainside-union,"['N/A', '17%']",N/A,17%
"Mullica, Atlantic",/database/pd-dept/mullica-atlantic,http://force.nj.com/database/pd-dept/mullica-atlantic,"['N/A', '11%']",N/A,11%
"Neptune City, Monmouth",/database/pd-dept/neptune-city-monmouth,http://force.nj.com/database/pd-dept/neptune-city-monmouth,"['330%', '28%']",330%,28%
"Neptune Township, Monmouth",/database/pd-dept/neptune-township-monmouth,http://force.nj.com/database/pd-dept/neptune-township-monmouth,"['295%', '79%']",295%,79%
"Netcong, Morris",/database/pd-dept/netcong-morris,http://force.nj.com/database/pd-dept/netcong-morris,"['N/A', '22%']",N/A,22%
"New Brunswick, Middlesex",/database/pd-dept/new-brunswick-middlesex,http://force.nj.com/database/pd-dept/new-brunswick-middlesex,"['268%', '78%']",268%,78%
"New Milford, Bergen",/database/pd-dept/new-milford-bergen,http://force.nj.com/database/pd-dept/new-milford-bergen,"['48%', '64%']",48%,64%
"New Providence, Union",/database/pd-dept/new-providence-union,http://force.nj.com/database/pd-dept/new-providence-union,"['N/A', 'N/A']",N/A,N/A
"Newark, Essex",/database/pd-dept/newark-essex,http://force.nj.com/database/pd-dept/newark-essex,"['133%', '203%']",133%,203%
"Newfield, Gloucester",/database/pd-dept/newfield-gloucester,http://force.nj.com/database/pd-dept/newfield-gloucester,"['N/A', 'N/A']",N/A,N/A
"Newton, Sussex",/database/pd-dept/newton-sussex,http://force.nj.com/database/pd-dept/newton-sussex,"['221%', '175%']",221%,175%
"North Arlington, Bergen",/database/pd-dept/north-arlington-bergen,http://force.nj.com/database/pd-dept/north-arlington-bergen,"['126%', '69%']",126%,69%
"North Bergen, Hudson",/database/pd-dept/north-bergen-hudson,http://force.nj.com/database/pd-dept/north-bergen-hudson,"['3%', '92%']",3%,92%
"North Brunswick, Middlesex",/database/pd-dept/north-brunswick-middlesex,http://force.nj.com/database/pd-dept/north-brunswick-middlesex,"['206%', '33%']",206%,33%
"North Caldwell, Essex",/database/pd-dept/north-caldwell-essex,http://force.nj.com/database/pd-dept/north-caldwell-essex,"['N/A', 'N/A']",N/A,N/A
"North Haledon, Passaic",/database/pd-dept/north-haledon-passaic,http://force.nj.com/database/pd-dept/north-haledon-passaic,"['N/A', '114%']",N/A,114%
"North Hanover, Burlington",/database/pd-dept/north-hanover-burlington,http://force.nj.com/database/pd-dept/north-hanover-burlington,"['0%', '4%']",0%,4%
"North Plainfield, Somerset",/database/pd-dept/north-plainfield-somerset,http://force.nj.com/database/pd-dept/north-plainfield-somerset,"['8%', '18%']",8%,18%
"North Wildwood, Cape May",/database/pd-dept/north-wildwood-cape-may,http://force.nj.com/database/pd-dept/north-wildwood-cape-may,"['179%', '18%']",179%,18%
"Northfield City, Atlantic",/database/pd-dept/northfield-atlantic,http://force.nj.com/database/pd-dept/northfield-atlantic,"['N/A', '95%']",N/A,95%
"Northvale & Rockleigh Borough, Bergen",/database/pd-dept/northvale-bergen,http://force.nj.com/database/pd-dept/northvale-bergen,"['N/A', 'N/A']",N/A,N/A
"Norwood, Bergen",/database/pd-dept/norwood-bergen,http://force.nj.com/database/pd-dept/norwood-bergen,"['N/A', 'N/A']",N/A,N/A
"Nutley, Essex",/database/pd-dept/nutley-essex,http://force.nj.com/database/pd-dept/nutley-essex,"['603%', '58%']",603%,58%
"Oakland, Bergen",/database/pd-dept/oakland-bergen,http://force.nj.com/database/pd-dept/oakland-bergen,"['N/A', 'N/A']",N/A,N/A
"Oaklyn, Camden",/database/pd-dept/oaklyn-camden,http://force.nj.com/database/pd-dept/oaklyn-camden,"['N/A', '41%']",N/A,41%
"Ocean City, Cape May",/database/pd-dept/ocean-city-cape-may,http://force.nj.com/database/pd-dept/ocean-city-cape-may,"['1289%', '13%']",1289%,13%
"Ocean Gate, Ocean",/database/pd-dept/ocean-gate-ocean,http://force.nj.com/database/pd-dept/ocean-gate-ocean,"['N/A', 'N/A']",N/A,N/A
"Oceanport, Monmouth",/database/pd-dept/oceanport-monmouth,http://force.nj.com/database/pd-dept/oceanport-monmouth,"['1311%', '20%']",1311%,20%
"Ocean Township, Monmouth",/database/pd-dept/ocean-township-monmouth,http://force.nj.com/database/pd-dept/ocean-township-monmouth,"['423%', '29%']",423%,29%
"Ocean Township, Ocean",/database/pd-dept/ocean-township-ocean,http://force.nj.com/database/pd-dept/ocean-township-ocean,"['7519%', '9%']",7519%,9%
"Ogdensburg, Sussex",/database/pd-dept/ogdensburg-sussex,http://force.nj.com/database/pd-dept/ogdensburg-sussex,"['N/A', 'N/A']",N/A,N/A
"Old Bridge, Middlesex",/database/pd-dept/old-bridge-middlesex,http://force.nj.com/database/pd-dept/old-bridge-middlesex,"['201%', '24%']",201%,24%
"Old Tappan, Bergen",/database/pd-dept/old-tappan-bergen,http://force.nj.com/database/pd-dept/old-tappan-bergen,"['N/A', 'N/A']",N/A,N/A
"Oradell, Bergen",/database/pd-dept/oradell-bergen,http://force.nj.com/database/pd-dept/oradell-bergen,"['N/A', 'N/A']",N/A,N/A
"Orange, Essex",/database/pd-dept/orange-essex,http://force.nj.com/database/pd-dept/orange-essex,"['76%', '38%']",76%,38%
"Palisades Park, Bergen",/database/pd-dept/palisades-park-bergen,http://force.nj.com/database/pd-dept/palisades-park-bergen,"['N/A', '18%']",N/A,18%
"Palmyra, Burlington",/database/pd-dept/palmyra-burlington,http://force.nj.com/database/pd-dept/palmyra-burlington,"['210%', '4%']",210%,4%
"Paramus, Bergen",/database/pd-dept/paramus-bergen,http://force.nj.com/database/pd-dept/paramus-bergen,"['1530%', '58%']",1530%,58%
"Park Ridge, Bergen",/database/pd-dept/park-ridge-bergen,http://force.nj.com/database/pd-dept/park-ridge-bergen,"['26%', '47%']",26%,47%
"Parsippany-Troy, Morris",/database/pd-dept/parsippany-troy-morris,http://force.nj.com/database/pd-dept/parsippany-troy-morris,"['93%', '9%']",93%,9%
"Passaic, Passaic",/database/pd-dept/passaic-passaic,http://force.nj.com/database/pd-dept/passaic-passaic,"['67%', '158%']",67%,158%
"Paterson, Passaic",/database/pd-dept/paterson-passaic,http://force.nj.com/database/pd-dept/paterson-passaic,"['78%', '459%']",78%,459%
"Paulsboro, Gloucester",/database/pd-dept/paulsboro-gloucester,http://force.nj.com/database/pd-dept/paulsboro-gloucester,"['210%', '41%']",210%,41%
"Peapack-Gladstone, Somerset",/database/pd-dept/peapack-gladstone-somerset,http://force.nj.com/database/pd-dept/peapack-gladstone-somerset,"['N/A', 'N/A']",N/A,N/A
"Pemberton Borough, Burlington",/database/pd-dept/pemberton-borough-burlington,http://force.nj.com/database/pd-dept/pemberton-borough-burlington,"['181%', '26%']",181%,26%
"Pemberton Township, Burlington",/database/pd-dept/pemberton-township-burlington,http://force.nj.com/database/pd-dept/pemberton-township-burlington,"['147%', '8%']",147%,8%
"Pennington, Mercer",/database/pd-dept/pennington-mercer,http://force.nj.com/database/pd-dept/pennington-mercer,"['N/A', 'N/A']",N/A,N/A
"Penns Grove, Salem",/database/pd-dept/penns-grove-salem,http://force.nj.com/database/pd-dept/penns-grove-salem,"['173%', '59%']",173%,59%
"Pennsauken, Camden",/database/pd-dept/pennsauken-camden,http://force.nj.com/database/pd-dept/pennsauken-camden,"['106%', '71%']",106%,71%
"Pennsville, Salem",/database/pd-dept/pennsville-salem,http://force.nj.com/database/pd-dept/pennsville-salem,"['1845%', '19%']",1845%,19%
"Pequannock, Morris",/database/pd-dept/pequannock-morris,http://force.nj.com/database/pd-dept/pequannock-morris,"['1673%', '36%']",1673%,36%
"Perth Amboy, Middlesex",/database/pd-dept/perth-amboy-middlesex,http://force.nj.com/database/pd-dept/perth-amboy-middlesex,['65%'],65%,
"Phillipsburg & Alpha, Warren",/database/pd-dept/phillipsburg-warren,http://force.nj.com/database/pd-dept/phillipsburg-warren,"['232%', '40%']",232%,40%
"Pine Beach, Ocean",/database/pd-dept/pine-beach-ocean,http://force.nj.com/database/pd-dept/pine-beach-ocean,"['N/A', 'N/A']",N/A,N/A
"Pine Hill, Camden",/database/pd-dept/pine-hill-camden,http://force.nj.com/database/pd-dept/pine-hill-camden,"['127%', '25%']",127%,25%
"Piscataway, Middlesex",/database/pd-dept/piscataway-middlesex,http://force.nj.com/database/pd-dept/piscataway-middlesex,"['22%', '37%']",22%,37%
"Pitman, Gloucester",/database/pd-dept/pitman-gloucester,http://force.nj.com/database/pd-dept/pitman-gloucester,"['706%', '56%']",706%,56%
"Plainfield, Union",/database/pd-dept/plainfield-union,http://force.nj.com/database/pd-dept/plainfield-union,"['38%', '66%']",38%,66%
"Plainsboro, Middlesex",/database/pd-dept/plainsboro-middlesex,http://force.nj.com/database/pd-dept/plainsboro-middlesex,"['178%', '12%']",178%,12%
"Pleasantville, Atlantic",/database/pd-dept/pleasantville-atlantic,http://force.nj.com/database/pd-dept/pleasantville-atlantic,"['44%', '32%']",44%,32%
"Plumsted, Ocean",/database/pd-dept/plumsted-ocean,http://force.nj.com/database/pd-dept/plumsted-ocean,"['N/A', '89%']",N/A,89%
"Pohatcong, Warren",/database/pd-dept/pohatcong-warren,http://force.nj.com/database/pd-dept/pohatcong-warren,"['N/A', '153%']",N/A,153%
"Point Pleasant Beach, Ocean",/database/pd-dept/point-pleasant-beach-ocean,http://force.nj.com/database/pd-dept/point-pleasant-beach-ocean,"['2331%', '10%']",2331%,10%
"Point Pleasant, Ocean",/database/pd-dept/point-pleasant-ocean,http://force.nj.com/database/pd-dept/point-pleasant-ocean,"['N/A', 'N/A']",N/A,N/A
"Pompton Lakes, Passaic",/database/pd-dept/pompton-lakes-passaic,http://force.nj.com/database/pd-dept/pompton-lakes-passaic,"['29976%', '385%']",29976%,385%
"Princeton & Princeton Borough (2012 only), Mercer",/database/pd-dept/princeton-mercer,http://force.nj.com/database/pd-dept/princeton-mercer,"['493%', '57%']",493%,57%
"Prospect Park, Passaic",/database/pd-dept/prospect-park-passaic,http://force.nj.com/database/pd-dept/prospect-park-passaic,"['1%', '162%']",1%,162%
"Rahway, Union",/database/pd-dept/rahway-union,http://force.nj.com/database/pd-dept/rahway-union,"['23%', '3%']",23%,3%
"Ramsey, Bergen",/database/pd-dept/ramsey-bergen,http://force.nj.com/database/pd-dept/ramsey-bergen,"['5987%', '55%']",5987%,55%
"Randolph, Morris",/database/pd-dept/randolph-morris,http://force.nj.com/database/pd-dept/randolph-morris,"['249%', '27%']",249%,27%
"Raritan, Hunterdon",/database/pd-dept/raritan-hunterdon,http://force.nj.com/database/pd-dept/raritan-hunterdon,"['775%', '36%']",775%,36%
"Raritan, Somerset",/database/pd-dept/raritan-somerset,http://force.nj.com/database/pd-dept/raritan-somerset,"['1568%', '83%']",1568%,83%
"Readington, Hunterdon",/database/pd-dept/readington-hunterdon,http://force.nj.com/database/pd-dept/readington-hunterdon,"['4444%', '117%']",4444%,117%
"Red Bank, Monmouth",/database/pd-dept/red-bank-monmouth,http://force.nj.com/database/pd-dept/red-bank-monmouth,"['174%', '79%']",174%,79%
"Ridgefield Park, Bergen",/database/pd-dept/ridgefield-park-bergen,http://force.nj.com/database/pd-dept/ridgefield-park-bergen,"['32%', '40%']",32%,40%
"Ridgefield, Bergen",/database/pd-dept/ridgefield-bergen,http://force.nj.com/database/pd-dept/ridgefield-bergen,"['N/A', 'N/A']",N/A,N/A
"Ridgewood, Bergen",/database/pd-dept/ridgewood-bergen,http://force.nj.com/database/pd-dept/ridgewood-bergen,"['405%', '35%']",405%,35%
"Ringwood, Passaic",/database/pd-dept/ringwood-passaic,http://force.nj.com/database/pd-dept/ringwood-passaic,"['419%', '66%']",419%,66%
"River Edge, Bergen",/database/pd-dept/river-edge-bergen,http://force.nj.com/database/pd-dept/river-edge-bergen,"['N/A', 'N/A']",N/A,N/A
"River Vale, Bergen",/database/pd-dept/river-vale-bergen,http://force.nj.com/database/pd-dept/river-vale-bergen,"['N/A', 'N/A']",N/A,N/A
"Riverdale, Morris",/database/pd-dept/riverdale-morris,http://force.nj.com/database/pd-dept/riverdale-morris,"['N/A', '32%']",N/A,32%
"Riverside, Burlington",/database/pd-dept/riverside-burlington,http://force.nj.com/database/pd-dept/riverside-burlington,"['160%', '53%']",160%,53%
"Riverton, Burlington",/database/pd-dept/riverton-burlington,http://force.nj.com/database/pd-dept/riverton-burlington,"['N/A', 'N/A']",N/A,N/A
"Robbinsville, Mercer",/database/pd-dept/robbinsville-mercer,http://force.nj.com/database/pd-dept/robbinsville-mercer,"['328%', '31%']",328%,31%
"Rochelle Park, Bergen",/database/pd-dept/rochelle-park-bergen,http://force.nj.com/database/pd-dept/rochelle-park-bergen,"['1975%', '4%']",1975%,4%
"Rockaway Borough, Morris",/database/pd-dept/rockaway-borough-morris,http://force.nj.com/database/pd-dept/rockaway-borough-morris,"['N/A', '57%']",N/A,57%
"Rockaway Township, Morris",/database/pd-dept/rockaway-township-morris,http://force.nj.com/database/pd-dept/rockaway-township-morris,"['1077%', '151%']",1077%,151%
"Roseland, Essex",/database/pd-dept/roseland-essex,http://force.nj.com/database/pd-dept/roseland-essex,"['N/A', 'N/A']",N/A,N/A
"Roselle Park, Union",/database/pd-dept/roselle-park-union,http://force.nj.com/database/pd-dept/roselle-park-union,"['449%', '25%']",449%,25%
"Roselle, Union",/database/pd-dept/roselle-union,http://force.nj.com/database/pd-dept/roselle-union,"['46%', '12%']",46%,12%
"Roxbury, Morris",/database/pd-dept/roxbury-morris,http://force.nj.com/database/pd-dept/roxbury-morris,"['41%', '65%']",41%,65%
"Rumson, Monmouth",/database/pd-dept/rumson-monmouth,http://force.nj.com/database/pd-dept/rumson-monmouth,"['N/A', 'N/A']",N/A,N/A
"Runnemede, Camden",/database/pd-dept/runnemede-camden,http://force.nj.com/database/pd-dept/runnemede-camden,"['N/A', 'N/A']",N/A,N/A
"Rutherford, Bergen",/database/pd-dept/rutherford-bergen,http://force.nj.com/database/pd-dept/rutherford-bergen,"['636%', '143%']",636%,143%
"Saddle Brook, Bergen",/database/pd-dept/saddle-brook-bergen,http://force.nj.com/database/pd-dept/saddle-brook-bergen,"['N/A', '119%']",N/A,119%
"Saddle River, Bergen",/database/pd-dept/saddle-river-bergen,http://force.nj.com/database/pd-dept/saddle-river-bergen,"['N/A', 'N/A']",N/A,N/A
"Salem City, Salem",/database/pd-dept/salem-city-salem,http://force.nj.com/database/pd-dept/salem-city-salem,['112%'],112%,
"Sayreville, Middlesex",/database/pd-dept/sayreville-middlesex,http://force.nj.com/database/pd-dept/sayreville-middlesex,"['32%', '7%']",32%,7%
"Scotch Plains, Union",/database/pd-dept/scotch-plains-union,http://force.nj.com/database/pd-dept/scotch-plains-union,"['276%', '17%']",276%,17%
"Sea Bright, Monmouth",/database/pd-dept/sea-bright-monmouth,http://force.nj.com/database/pd-dept/sea-bright-monmouth,"['275%', '184%']",275%,184%
"Sea Girt, Monmouth",/database/pd-dept/sea-girt-monmouth,http://force.nj.com/database/pd-dept/sea-girt-monmouth,"['497%', '76%']",497%,76%
"Sea Isle City, Cape May",/database/pd-dept/sea-isle-city-cape-may,http://force.nj.com/database/pd-dept/sea-isle-city-cape-may,"['729%', '49%']",729%,49%
"Seaside Heights, Ocean",/database/pd-dept/seaside-heights-ocean,http://force.nj.com/database/pd-dept/seaside-heights-ocean,"['772%', '42%']",772%,42%
"Seaside Park, Ocean",/database/pd-dept/seaside-park-ocean,http://force.nj.com/database/pd-dept/seaside-park-ocean,"['4364%', '24%']",4364%,24%
"Secaucus, Hudson",/database/pd-dept/secaucus-hudson,http://force.nj.com/database/pd-dept/secaucus-hudson,"['305%', '35%']",305%,35%
"Ship Bottom, Ocean",/database/pd-dept/ship-bottom-ocean,http://force.nj.com/database/pd-dept/ship-bottom-ocean,"['N/A', 'N/A']",N/A,N/A
"Shrewsbury, Monmouth",/database/pd-dept/shrewsbury-monmouth,http://force.nj.com/database/pd-dept/shrewsbury-monmouth,"['9405%', '59%']",9405%,59%
"Somerdale, Camden",/database/pd-dept/somerdale-camden,http://force.nj.com/database/pd-dept/somerdale-camden,"['210%', '81%']",210%,81%
"Somers Point, Atlantic",/database/pd-dept/somers-point-atlantic,http://force.nj.com/database/pd-dept/somers-point-atlantic,"['130%', '10%']",130%,10%
"Somerville, Somerset",/database/pd-dept/somerville-somerset,http://force.nj.com/database/pd-dept/somerville-somerset,"['207%', '17%']",207%,17%
"South Amboy, Middlesex",/database/pd-dept/south-amboy-middlesex,http://force.nj.com/database/pd-dept/south-amboy-middlesex,"['824%', '99%']",824%,99%
"South Bound Brook, Somerset",/database/pd-dept/south-bound-brook-somerset,http://force.nj.com/database/pd-dept/south-bound-brook-somerset,"['204%', '12%']",204%,12%
"South Brunswick, Middlesex",/database/pd-dept/south-brunswick-middlesex,http://force.nj.com/database/pd-dept/south-brunswick-middlesex,"['114%', '19%']",114%,19%
"South Hackensack, Bergen",/database/pd-dept/south-hackensack-bergen,http://force.nj.com/database/pd-dept/south-hackensack-bergen,"['N/A', '95%']",N/A,95%
"South Harrison, Gloucester",/database/pd-dept/south-harrison-gloucester,http://force.nj.com/database/pd-dept/south-harrison-gloucester,"['N/A', 'N/A']",N/A,N/A
"South Orange, Essex",/database/pd-dept/south-orange-essex,http://force.nj.com/database/pd-dept/south-orange-essex,"['844%', '88%']",844%,88%
"South Plainfield, Middlesex",/database/pd-dept/south-plainfield-middlesex,http://force.nj.com/database/pd-dept/south-plainfield-middlesex,"['321%', '15%']",321%,15%
"South River, Middlesex",/database/pd-dept/south-river-middlesex,http://force.nj.com/database/pd-dept/south-river-middlesex,"['161%', '20%']",161%,20%
"South Toms River, Ocean",/database/pd-dept/south-toms-river-ocean,http://force.nj.com/database/pd-dept/south-toms-river-ocean,"['46%', '10%']",46%,10%
"Sparta, Sussex",/database/pd-dept/sparta-sussex,http://force.nj.com/database/pd-dept/sparta-sussex,"['30%', '14%']",30%,14%
"Spotswood, Middlesex",/database/pd-dept/spotswood-middlesex,http://force.nj.com/database/pd-dept/spotswood-middlesex,"['79%', '10%']",79%,10%
"Spring Lake Borough, Monmouth",/database/pd-dept/spring-lake-borough-monmouth,http://force.nj.com/database/pd-dept/spring-lake-borough-monmouth,"['N/A', 'N/A']",N/A,N/A
"Spring Lake Heights, Monmouth",/database/pd-dept/spring-lake-heights-monmouth,http://force.nj.com/database/pd-dept/spring-lake-heights-monmouth,"['N/A', 'N/A']",N/A,N/A
"Springfield, Burlington",/database/pd-dept/springfield-burlington,http://force.nj.com/database/pd-dept/springfield-burlington,"['N/A', 'N/A']",N/A,N/A
"Springfield, Union",/database/pd-dept/springfield-union,http://force.nj.com/database/pd-dept/springfield-union,"['467%', '16%']",467%,16%
"Stafford, Ocean",/database/pd-dept/stafford-ocean,http://force.nj.com/database/pd-dept/stafford-ocean,"['49%', '35%']",49%,35%
"Stanhope, Sussex",/database/pd-dept/stanhope-sussex,http://force.nj.com/database/pd-dept/stanhope-sussex,"['20%', '73%']",20%,73%
"Stone Harbor Borough, Cape May",/database/pd-dept/stone-harbor-borough-cape-may,http://force.nj.com/database/pd-dept/stone-harbor-borough-cape-may,"['243%', '58%']",243%,58%
"Stratford, Camden",/database/pd-dept/stratford-camden,http://force.nj.com/database/pd-dept/stratford-camden,"['463%', '25%']",463%,25%
"Summit, Union",/database/pd-dept/summit-union,http://force.nj.com/database/pd-dept/summit-union,"['1387%', '93%']",1387%,93%
"Surf City, Ocean",/database/pd-dept/surf-city-ocean,http://force.nj.com/database/pd-dept/surf-city-ocean,"['N/A', 'N/A']",N/A,N/A
"Teaneck, Bergen",/database/pd-dept/teaneck-bergen,http://force.nj.com/database/pd-dept/teaneck-bergen,"['119%', '14%']",119%,14%
"Tenafly, Bergen",/database/pd-dept/tenafly-bergen,http://force.nj.com/database/pd-dept/tenafly-bergen,"['N/A', '198%']",N/A,198%
"Tinton Falls, Monmouth",/database/pd-dept/tinton-falls-monmouth,http://force.nj.com/database/pd-dept/tinton-falls-monmouth,"['443%', '16%']",443%,16%
"Toms River, Ocean",/database/pd-dept/toms-river-ocean,http://force.nj.com/database/pd-dept/toms-river-ocean,['482%'],482%,
"Totowa, Passaic",/database/pd-dept/totowa-passaic,http://force.nj.com/database/pd-dept/totowa-passaic,"['N/A', 'N/A']",N/A,N/A
"Clinton, Hunterdon",/database/pd-dept/clinton-hunterdon,http://force.nj.com/database/pd-dept/clinton-hunterdon,"['N/A', 'N/A']",N/A,N/A
"Trenton, Mercer",/database/pd-dept/trenton-mercer,http://force.nj.com/database/pd-dept/trenton-mercer,"['42%', '42%']",42%,42%
"Tuckerton, Ocean",/database/pd-dept/tuckerton-ocean,http://force.nj.com/database/pd-dept/tuckerton-ocean,"['229%', '39%']",229%,39%
"Union Beach, Monmouth",/database/pd-dept/union-beach-monmouth,http://force.nj.com/database/pd-dept/union-beach-monmouth,"['15%', '27%']",15%,27%
"Union City, Hudson",/database/pd-dept/union-city-hudson,http://force.nj.com/database/pd-dept/union-city-hudson,"['90%', '38%']",90%,38%
"Union Township, Union",/database/pd-dept/union-township-union,http://force.nj.com/database/pd-dept/union-township-union,"['231%', '37%']",231%,37%
"Upper Saddle River, Bergen",/database/pd-dept/upper-saddle-river-bergen,http://force.nj.com/database/pd-dept/upper-saddle-river-bergen,"['N/A', '30%']",N/A,30%
"Ventnor City, Atlantic",/database/pd-dept/ventnor-city-atlantic,http://force.nj.com/database/pd-dept/ventnor-city-atlantic,"['96%', '46%']",96%,46%
"Vernon, Sussex",/database/pd-dept/vernon-sussex,http://force.nj.com/database/pd-dept/vernon-sussex,"['N/A', 'N/A']",N/A,N/A
"Verona, Essex",/database/pd-dept/verona-essex,http://force.nj.com/database/pd-dept/verona-essex,"['N/A', '74%']",N/A,74%
"Vineland, Cumberland",/database/pd-dept/vineland-cumberland,http://force.nj.com/database/pd-dept/vineland-cumberland,"['98%', '3%']",98%,3%
"Voorhees, Camden",/database/pd-dept/voorhees-camden,http://force.nj.com/database/pd-dept/voorhees-camden,"['400%', '56%']",400%,56%
"Waldwick, Bergen",/database/pd-dept/waldwick-bergen,http://force.nj.com/database/pd-dept/waldwick-bergen,"['N/A', '21%']",N/A,21%
"Wall, Monmouth",/database/pd-dept/wall-monmouth,http://force.nj.com/database/pd-dept/wall-monmouth,['540%'],540%,
"Wallington, Bergen",/database/pd-dept/wallington-bergen,http://force.nj.com/database/pd-dept/wallington-bergen,"['N/A', 'N/A']",N/A,N/A
"Wanaque, Passaic",/database/pd-dept/wanaque-passaic,http://force.nj.com/database/pd-dept/wanaque-passaic,"['N/A', '273%']",N/A,273%
"Warren Township, Somerset",/database/pd-dept/warren-township-somerset,http://force.nj.com/database/pd-dept/warren-township-somerset,"['441%', '28%']",441%,28%
"Washington Township & Washington Borough, Warren",/database/pd-dept/washington-township-warren,http://force.nj.com/database/pd-dept/washington-township-warren,"['61%', '49%']",61%,49%
"Washington, Bergen",/database/pd-dept/washington-bergen,http://force.nj.com/database/pd-dept/washington-bergen,"['N/A', 'N/A']",N/A,N/A
"Washington, Gloucester",/database/pd-dept/washington-gloucester,http://force.nj.com/database/pd-dept/washington-gloucester,"['255%', '14%']",255%,14%
"Washington & Califon Borough, Morris",/database/pd-dept/washington-morris,http://force.nj.com/database/pd-dept/washington-morris,"['N/A', '124%']",N/A,124%
"Watchung, Somerset",/database/pd-dept/watchung-somerset,http://force.nj.com/database/pd-dept/watchung-somerset,"['3990%', '2%']",3990%,2%
"Waterford, Camden",/database/pd-dept/waterford-camden,http://force.nj.com/database/pd-dept/waterford-camden,"['1180%', '86%']",1180%,86%
"Wayne, Passaic",/database/pd-dept/wayne-passaic,http://force.nj.com/database/pd-dept/wayne-passaic,"['402%', '23%']",402%,23%
"Weehawken, Hudson",/database/pd-dept/weehawken-hudson,http://force.nj.com/database/pd-dept/weehawken-hudson,"['N/A', 'N/A']",N/A,N/A
"Wenonah, Gloucester",/database/pd-dept/wenonah-gloucester,http://force.nj.com/database/pd-dept/wenonah-gloucester,"['N/A', '47%']",N/A,47%
"West Amwell, Hunterdon",/database/pd-dept/west-amwell-hunterdon,http://force.nj.com/database/pd-dept/west-amwell-hunterdon,"['N/A', 'N/A']",N/A,N/A
"West Caldwell, Essex",/database/pd-dept/west-caldwell-essex,http://force.nj.com/database/pd-dept/west-caldwell-essex,"['N/A', 'N/A']",N/A,N/A
"West Deptford, Gloucester",/database/pd-dept/west-deptford-gloucester,http://force.nj.com/database/pd-dept/west-deptford-gloucester,"['213%', '5%']",213%,5%
"West Long Branch, Monmouth",/database/pd-dept/west-long-branch-monmouth,http://force.nj.com/database/pd-dept/west-long-branch-monmouth,"['494%', '20%']",494%,20%
"West Milford, Passaic",/database/pd-dept/west-milford-passaic,http://force.nj.com/database/pd-dept/west-milford-passaic,"['836%', '59%']",836%,59%
"West New York, Hudson",/database/pd-dept/west-new-york-hudson,http://force.nj.com/database/pd-dept/west-new-york-hudson,"['62%', '92%']",62%,92%
"West Orange, Essex",/database/pd-dept/west-orange-essex,http://force.nj.com/database/pd-dept/west-orange-essex,"['173%', '29%']",173%,29%
"West Wildwood, Cape May",/database/pd-dept/west-wildwood-cape-may,http://force.nj.com/database/pd-dept/west-wildwood-cape-may,"['N/A', 'N/A']",N/A,N/A
"West Windsor, Mercer",/database/pd-dept/west-windsor-mercer,http://force.nj.com/database/pd-dept/west-windsor-mercer,"['1083%', '1%']",1083%,1%
"Westfield, Union",/database/pd-dept/westfield-union,http://force.nj.com/database/pd-dept/westfield-union,"['403%', '64%']",403%,64%
"Westampton, Burlington",/database/pd-dept/westampton-burlington,http://force.nj.com/database/pd-dept/westampton-burlington,"['491%', '28%']",491%,28%
"Westville & National Park, Gloucester",/database/pd-dept/westville-gloucester,http://force.nj.com/database/pd-dept/westville-gloucester,"['657%', '28%']",657%,28%
"Westwood, Bergen",/database/pd-dept/westwood-bergen,http://force.nj.com/database/pd-dept/westwood-bergen,"['171%', '7%']",171%,7%
"Wharton & Mine Hill, Morris",/database/pd-dept/wharton-morris,http://force.nj.com/database/pd-dept/wharton-morris,"['512%', '41%']",512%,41%
"Wildwood Crest, Cape May",/database/pd-dept/wildwood-crest-cape-may,http://force.nj.com/database/pd-dept/wildwood-crest-cape-may,"['N/A', '96%']",N/A,96%
"Wildwood, Cape May",/database/pd-dept/wildwood-cape-may,http://force.nj.com/database/pd-dept/wildwood-cape-may,"['233%', '96%']",233%,96%
"Willingboro, Burlington",/database/pd-dept/willingboro-burlington,http://force.nj.com/database/pd-dept/willingboro-burlington,"['2%', '18%']",2%,18%
"Winfield, Union",/database/pd-dept/winfield-union,http://force.nj.com/database/pd-dept/winfield-union,"['N/A', 'N/A']",N/A,N/A
"Winslow, Camden",/database/pd-dept/winslow-camden,http://force.nj.com/database/pd-dept/winslow-camden,"['142%', '67%']",142%,67%
"Wood-Ridge, Bergen",/database/pd-dept/wood-ridge-bergen,http://force.nj.com/database/pd-dept/wood-ridge-bergen,"['N/A', '32%']",N/A,32%
"Woodbridge, Middlesex",/database/pd-dept/woodbridge-middlesex,http://force.nj.com/database/pd-dept/woodbridge-middlesex,"['70%', '2%']",70%,2%
"Woodbury Heights, Gloucester",/database/pd-dept/woodbury-heights-gloucester,http://force.nj.com/database/pd-dept/woodbury-heights-gloucester,"['648%', '81%']",648%,81%
"Woodbury, Gloucester",/database/pd-dept/woodbury-gloucester,http://force.nj.com/database/pd-dept/woodbury-gloucester,"['299%', '39%']",299%,39%
"Woodcliff Lake, Bergen",/database/pd-dept/woodcliff-lake-bergen,http://force.nj.com/database/pd-dept/woodcliff-lake-bergen,"['N/A', 'N/A']",N/A,N/A
"Woodland Park, Passaic",/database/pd-dept/woodland-park-passaic,http://force.nj.com/database/pd-dept/woodland-park-passaic,"['707%', '40%']",707%,40%
"Woodlynne, Camden",/database/pd-dept/woodlynne-camden,http://force.nj.com/database/pd-dept/woodlynne-camden,"['95%', '112%']",95%,112%
"Woodstown, Salem",/database/pd-dept/woodstown-salem,http://force.nj.com/database/pd-dept/woodstown-salem,"['322%', '13%']",322%,13%
"Woolwich & Swedesboro, Gloucester",/database/pd-dept/woolwich-gloucester,http://force.nj.com/database/pd-dept/woolwich-gloucester,"['N/A', 'N/A']",N/A,N/A
"Wyckoff, Bergen",/database/pd-dept/wyckoff-bergen,http://force.nj.com/database/pd-dept/wyckoff-bergen,"['2788%', '7%']",2788%,7%
"Hi-Nella, Camden",/database/pd-dept/hi-nella-camden,http://force.nj.com/database/pd-dept/hi-nella-camden,['Error found for http://force.nj.com/database/pd-dept/hi-nella-camden'],,
"Lawnside, Camden",/database/pd-dept/lawnside-camden,http://force.nj.com/database/pd-dept/lawnside-camden,['Error found for http://force.nj.com/database/pd-dept/lawnside-camden'],,
"Pine Valley, Camden",/database/pd-dept/pine%20valley-camden,http://force.nj.com/database/pd-dept/pine%20valley-camden,['Error found for http://force.nj.com/database/pd-dept/pine%20valley-camden'],,
"Franklin, Hunterdon",/database/pd-dept/franklin-hunterdon,http://force.nj.com/database/pd-dept/franklin-hunterdon,['Error found for http://force.nj.com/database/pd-dept/franklin-hunterdon'],,
"Tewksbury, Hunterdon",/database/pd-dept/tewksbury-hunterdon,http://force.nj.com/database/pd-dept/tewksbury-hunterdon,['Error found for http://force.nj.com/database/pd-dept/tewksbury-hunterdon'],,
"Elmer, Salem",/database/pd-dept/elmer-salem,http://force.nj.com/database/pd-dept/elmer-salem,['Error found for http://force.nj.com/database/pd-dept/elmer-salem'],,
"Holland, Hunterdon",/database/pd-dept/holland-hunterdon,http://force.nj.com/database/pd-dept/holland-hunterdon,['Error found for http://force.nj.com/database/pd-dept/holland-hunterdon'],,
"New Hanover, Burlington",/database/pd-dept/new-hanover-burlington,http://force.nj.com/database/pd-dept/new-hanover-burlington,['Error found for http://force.nj.com/database/pd-dept/new-hanover-burlington'],,
"Buena Vista, Atlantic",/database/pd-dept/buena-vista-atlantic,http://force.nj.com/database/pd-dept/buena-vista-atlantic,['Error found for http://force.nj.com/database/pd-dept/buena-vista-atlantic'],,
"Corbin City, Atlantic",/database/pd-dept/corbin-city-atlantic,http://force.nj.com/database/pd-dept/corbin-city-atlantic,['Error found for http://force.nj.com/database/pd-dept/corbin-city-atlantic'],,
"Estell Manor, Atlantic",/database/pd-dept/estell-manor-atlantic,http://force.nj.com/database/pd-dept/estell-manor-atlantic,['Error found for http://force.nj.com/database/pd-dept/estell-manor-atlantic'],,
"Folsom, Atlantic",/database/pd-dept/folsom-atlantic,http://force.nj.com/database/pd-dept/folsom-atlantic,['Error found for http://force.nj.com/database/pd-dept/folsom-atlantic'],,
"Port Republic City, Atlantic",/database/pd-dept/port-republic-city-atlantic,http://force.nj.com/database/pd-dept/port-republic-city-atlantic,['Error found for http://force.nj.com/database/pd-dept/port-republic-city-atlantic'],,
"Weymouth Township, Atlantic",/database/pd-dept/weymouth-township-atlantic,http://force.nj.com/database/pd-dept/weymouth-township-atlantic,['Error found for http://force.nj.com/database/pd-dept/weymouth-township-atlantic'],,
"Wrightstown, Burlington",/database/pd-dept/wrightstown-burlington,http://force.nj.com/database/pd-dept/wrightstown-burlington,['Error found for http://force.nj.com/database/pd-dept/wrightstown-burlington'],,
"Woodland, Burlington",/database/pd-dept/woodland-burlington,http://force.nj.com/database/pd-dept/woodland-burlington,['Error found for http://force.nj.com/database/pd-dept/woodland-burlington'],,
"Bass River, Burlington",/database/pd-dept/bass-river-burlington,http://force.nj.com/database/pd-dept/bass-river-burlington,['Error found for http://force.nj.com/database/pd-dept/bass-river-burlington'],,
"Hainesport, Burlington",/database/pd-dept/hainesport-burlington,http://force.nj.com/database/pd-dept/hainesport-burlington,['Error found for http://force.nj.com/database/pd-dept/hainesport-burlington'],,
"Tabernacle, Burlington",/database/pd-dept/tabernacle-burlington,http://force.nj.com/database/pd-dept/tabernacle-burlington,['Error found for http://force.nj.com/database/pd-dept/tabernacle-burlington'],,
"Southampton, Burlington",/database/pd-dept/southampton-burlington,http://force.nj.com/database/pd-dept/southampton-burlington,['Error found for http://force.nj.com/database/pd-dept/southampton-burlington'],,
"Shamong, Burlington",/database/pd-dept/shamong-burlington,http://force.nj.com/database/pd-dept/shamong-burlington,['Error found for http://force.nj.com/database/pd-dept/shamong-burlington'],,
"Washington, Burlington",/database/pd-dept/washington-burlington,http://force.nj.com/database/pd-dept/washington-burlington,['Error found for http://force.nj.com/database/pd-dept/washington-burlington'],,
"Dennis, Cape May",/database/pd-dept/dennis-cape-may,http://force.nj.com/database/pd-dept/dennis-cape-may,['Error found for http://force.nj.com/database/pd-dept/dennis-cape-may'],,
"Upper, Cape May",/database/pd-dept/upper-cape-may,http://force.nj.com/database/pd-dept/upper-cape-may,['Error found for http://force.nj.com/database/pd-dept/upper-cape-may'],,
"Woodbine, Cape May",/database/pd-dept/woodbine-cape-may,http://force.nj.com/database/pd-dept/woodbine-cape-may,['Error found for http://force.nj.com/database/pd-dept/woodbine-cape-may'],,
"Commercial, Cumberland",/database/pd-dept/commercial-cumberland,http://force.nj.com/database/pd-dept/commercial-cumberland,['Error found for http://force.nj.com/database/pd-dept/commercial-cumberland'],,
"Deerfield, Cumberland",/database/pd-dept/deerfield-cumberland,http://force.nj.com/database/pd-dept/deerfield-cumberland,['Error found for http://force.nj.com/database/pd-dept/deerfield-cumberland'],,
"Downe, Cumberland",/database/pd-dept/downe-cumberland,http://force.nj.com/database/pd-dept/downe-cumberland,['Error found for http://force.nj.com/database/pd-dept/downe-cumberland'],,
"Fairfield, Cumberland",/database/pd-dept/fairfield-cumberland,http://force.nj.com/database/pd-dept/fairfield-cumberland,['Error found for http://force.nj.com/database/pd-dept/fairfield-cumberland'],,
"Greenwich Township, Cumberland",/database/pd-dept/greenwich-township-cumberland,http://force.nj.com/database/pd-dept/greenwich-township-cumberland,['Error found for http://force.nj.com/database/pd-dept/greenwich-township-cumberland'],,
"Hopewell, Cumberland",/database/pd-dept/hopewell-cumberland,http://force.nj.com/database/pd-dept/hopewell-cumberland,['Error found for http://force.nj.com/database/pd-dept/hopewell-cumberland'],,
"Lawrence Township, Cumberland",/database/pd-dept/lawrence-township-cumberland,http://force.nj.com/database/pd-dept/lawrence-township-cumberland,['Error found for http://force.nj.com/database/pd-dept/lawrence-township-cumberland'],,
"Maurice River, Cumberland",/database/pd-dept/maurice-river-cumberland,http://force.nj.com/database/pd-dept/maurice-river-cumberland,['Error found for http://force.nj.com/database/pd-dept/maurice-river-cumberland'],,
"Shiloh Borough, Cumberland",/database/pd-dept/shiloh-borough-cumberland,http://force.nj.com/database/pd-dept/shiloh-borough-cumberland,['Error found for http://force.nj.com/database/pd-dept/shiloh-borough-cumberland'],,
"Stow Creek, Cumberland",/database/pd-dept/stow-creek-cumberland,http://force.nj.com/database/pd-dept/stow-creek-cumberland,['Error found for http://force.nj.com/database/pd-dept/stow-creek-cumberland'],,
"Upper Deerfield, Cumberland",/database/pd-dept/upper-deerfield-cumberland,http://force.nj.com/database/pd-dept/upper-deerfield-cumberland,['Error found for http://force.nj.com/database/pd-dept/upper-deerfield-cumberland'],,
"Alexandria, Hunterdon",/database/pd-dept/alexandria-hunterdon,http://force.nj.com/database/pd-dept/alexandria-hunterdon,['Error found for http://force.nj.com/database/pd-dept/alexandria-hunterdon'],,
"Bethlehem, Hunterdon",/database/pd-dept/bethlehem-hunterdon,http://force.nj.com/database/pd-dept/bethlehem-hunterdon,['Error found for http://force.nj.com/database/pd-dept/bethlehem-hunterdon'],,
"Bloomsbury Borough, Hunterdon",/database/pd-dept/bloomsbury-borough-hunterdon,http://force.nj.com/database/pd-dept/bloomsbury-borough-hunterdon,['Error found for http://force.nj.com/database/pd-dept/bloomsbury-borough-hunterdon'],,
"East Amwell, Hunterdon",/database/pd-dept/east-amwell-hunterdon,http://force.nj.com/database/pd-dept/east-amwell-hunterdon,['Error found for http://force.nj.com/database/pd-dept/east-amwell-hunterdon'],,
"Glen Gardner Borough, Hunterdon",/database/pd-dept/glen-gardner-borough-hunterdon,http://force.nj.com/database/pd-dept/glen-gardner-borough-hunterdon,['Error found for http://force.nj.com/database/pd-dept/glen-gardner-borough-hunterdon'],,
"Hampton, Hunterdon",/database/pd-dept/hampton-hunterdon,http://force.nj.com/database/pd-dept/hampton-hunterdon,['Error found for http://force.nj.com/database/pd-dept/hampton-hunterdon'],,
"Kingwood, Hunterdon",/database/pd-dept/kingwood-hunterdon,http://force.nj.com/database/pd-dept/kingwood-hunterdon,['Error found for http://force.nj.com/database/pd-dept/kingwood-hunterdon'],,
"Lebanon Borough, Hunterdon",/database/pd-dept/lebanon-borough-hunterdon,http://force.nj.com/database/pd-dept/lebanon-borough-hunterdon,['Error found for http://force.nj.com/database/pd-dept/lebanon-borough-hunterdon'],,
"Milford Borough, Hunterdon",/database/pd-dept/milford-borough-hunterdon,http://force.nj.com/database/pd-dept/milford-borough-hunterdon,['Error found for http://force.nj.com/database/pd-dept/milford-borough-hunterdon'],,
"Stockton Borough, Hunterdon",/database/pd-dept/stockton-borough-hunterdon,http://force.nj.com/database/pd-dept/stockton-borough-hunterdon,['Error found for http://force.nj.com/database/pd-dept/stockton-borough-hunterdon'],,
"Union, Hunterdon",/database/pd-dept/union-hunterdon,http://force.nj.com/database/pd-dept/union-hunterdon,['Error found for http://force.nj.com/database/pd-dept/union-hunterdon'],,
"Farmingdale, Monmouth",/database/pd-dept/farmingdale-monmouth,http://force.nj.com/database/pd-dept/farmingdale-monmouth,['Error found for http://force.nj.com/database/pd-dept/farmingdale-monmouth'],,
"Millstone, Monmouth",/database/pd-dept/millstone-monmouth,http://force.nj.com/database/pd-dept/millstone-monmouth,['Error found for http://force.nj.com/database/pd-dept/millstone-monmouth'],,
"Roosevelt, Monmouth",/database/pd-dept/roosevelt-monmouth,http://force.nj.com/database/pd-dept/roosevelt-monmouth,['Error found for http://force.nj.com/database/pd-dept/roosevelt-monmouth'],,
"Shrewsbury Township, Monmouth",/database/pd-dept/shrewsbury-township-monmouth,http://force.nj.com/database/pd-dept/shrewsbury-township-monmouth,['Error found for http://force.nj.com/database/pd-dept/shrewsbury-township-monmouth'],,
"Upper Freehold, Monmouth",/database/pd-dept/upper-freehold-monmouth,http://force.nj.com/database/pd-dept/upper-freehold-monmouth,['Error found for http://force.nj.com/database/pd-dept/upper-freehold-monmouth'],,
"Victory Gardens, Morris",/database/pd-dept/victory-gardens-morris,http://force.nj.com/database/pd-dept/victory-gardens-morris,['Error found for http://force.nj.com/database/pd-dept/victory-gardens-morris'],,
"Eagleswood, Ocean",/database/pd-dept/eagleswood-ocean,http://force.nj.com/database/pd-dept/eagleswood-ocean,['Error found for http://force.nj.com/database/pd-dept/eagleswood-ocean'],,
"Alloway, Salem",/database/pd-dept/alloway-salem,http://force.nj.com/database/pd-dept/alloway-salem,['Error found for http://force.nj.com/database/pd-dept/alloway-salem'],,
"Mannington, Salem",/database/pd-dept/mannington-salem,http://force.nj.com/database/pd-dept/mannington-salem,['Error found for http://force.nj.com/database/pd-dept/mannington-salem'],,
"Oldmans, Salem",/database/pd-dept/oldmans-salem,http://force.nj.com/database/pd-dept/oldmans-salem,['Error found for http://force.nj.com/database/pd-dept/oldmans-salem'],,
"Pilesgrove, Salem",/database/pd-dept/pilesgrove-salem,http://force.nj.com/database/pd-dept/pilesgrove-salem,['Error found for http://force.nj.com/database/pd-dept/pilesgrove-salem'],,
"Pittsgrove, Salem",/database/pd-dept/pittsgrove-salem,http://force.nj.com/database/pd-dept/pittsgrove-salem,['Error found for http://force.nj.com/database/pd-dept/pittsgrove-salem'],,
"Quinton, Salem",/database/pd-dept/quinton-salem,http://force.nj.com/database/pd-dept/quinton-salem,['Error found for http://force.nj.com/database/pd-dept/quinton-salem'],,
"Upper Pittsgrove, Salem",/database/pd-dept/upper-pittsgrove-salem,http://force.nj.com/database/pd-dept/upper-pittsgrove-salem,['Error found for http://force.nj.com/database/pd-dept/upper-pittsgrove-salem'],,
"Millstone, Somerset",/database/pd-dept/millstone-somerset,http://force.nj.com/database/pd-dept/millstone-somerset,['Error found for http://force.nj.com/database/pd-dept/millstone-somerset'],,
"Rocky Hill, Somerset",/database/pd-dept/rocky-hill-somerset,http://force.nj.com/database/pd-dept/rocky-hill-somerset,['Error found for http://force.nj.com/database/pd-dept/rocky-hill-somerset'],,
"Andover Borough, Sussex",/database/pd-dept/andover-borough-sussex,http://force.nj.com/database/pd-dept/andover-borough-sussex,['Error found for http://force.nj.com/database/pd-dept/andover-borough-sussex'],,
"Branchville Borough, Sussex",/database/pd-dept/branchville-borough-sussex,http://force.nj.com/database/pd-dept/branchville-borough-sussex,['Error found for http://force.nj.com/database/pd-dept/branchville-borough-sussex'],,
"Frankford, Sussex",/database/pd-dept/frankford-sussex,http://force.nj.com/database/pd-dept/frankford-sussex,['Error found for http://force.nj.com/database/pd-dept/frankford-sussex'],,
"Fredon, Sussex",/database/pd-dept/fredon-sussex,http://force.nj.com/database/pd-dept/fredon-sussex,['Error found for http://force.nj.com/database/pd-dept/fredon-sussex'],,
"Green, Sussex",/database/pd-dept/green-sussex,http://force.nj.com/database/pd-dept/green-sussex,['Error found for http://force.nj.com/database/pd-dept/green-sussex'],,
"Hampton, Sussex",/database/pd-dept/hampton-sussex,http://force.nj.com/database/pd-dept/hampton-sussex,['Error found for http://force.nj.com/database/pd-dept/hampton-sussex'],,
"Lafayette, Sussex",/database/pd-dept/lafayette-sussex,http://force.nj.com/database/pd-dept/lafayette-sussex,['Error found for http://force.nj.com/database/pd-dept/lafayette-sussex'],,
"Montague, Sussex",/database/pd-dept/montague-sussex,http://force.nj.com/database/pd-dept/montague-sussex,['Error found for http://force.nj.com/database/pd-dept/montague-sussex'],,
"Sandyston, Sussex",/database/pd-dept/sandyston-sussex,http://force.nj.com/database/pd-dept/sandyston-sussex,['Error found for http://force.nj.com/database/pd-dept/sandyston-sussex'],,
"Stillwater, Sussex",/database/pd-dept/stillwater-sussex,http://force.nj.com/database/pd-dept/stillwater-sussex,['Error found for http://force.nj.com/database/pd-dept/stillwater-sussex'],,
"Sussex Borough, Sussex",/database/pd-dept/sussex-borough-sussex,http://force.nj.com/database/pd-dept/sussex-borough-sussex,['Error found for http://force.nj.com/database/pd-dept/sussex-borough-sussex'],,
"Walpack Township, Sussex",/database/pd-dept/walpack-township-sussex,http://force.nj.com/database/pd-dept/walpack-township-sussex,['Error found for http://force.nj.com/database/pd-dept/walpack-township-sussex'],,
"Wantage, Sussex",/database/pd-dept/wantage-sussex,http://force.nj.com/database/pd-dept/wantage-sussex,['Error found for http://force.nj.com/database/pd-dept/wantage-sussex'],,
"Allamuchy, Warren",/database/pd-dept/allamuchy-warren,http://force.nj.com/database/pd-dept/allamuchy-warren,['Error found for http://force.nj.com/database/pd-dept/allamuchy-warren'],,
"Franklin, Warren",/database/pd-dept/franklin-warren,http://force.nj.com/database/pd-dept/franklin-warren,['Error found for http://force.nj.com/database/pd-dept/franklin-warren'],,
"Frelinghuysen, Warren",/database/pd-dept/frelinghuysen-warren,http://force.nj.com/database/pd-dept/frelinghuysen-warren,['Error found for http://force.nj.com/database/pd-dept/frelinghuysen-warren'],,
"Hardwick Township, Warren",/database/pd-dept/hardwick-township-warren,http://force.nj.com/database/pd-dept/hardwick-township-warren,['Error found for http://force.nj.com/database/pd-dept/hardwick-township-warren'],,
"Harmony, Warren",/database/pd-dept/harmony-warren,http://force.nj.com/database/pd-dept/harmony-warren,['Error found for http://force.nj.com/database/pd-dept/harmony-warren'],,
"Hope, Warren",/database/pd-dept/hope-warren,http://force.nj.com/database/pd-dept/hope-warren,['Error found for http://force.nj.com/database/pd-dept/hope-warren'],,
"Knowlton Township, Warren",/database/pd-dept/knowlton-township-warren,http://force.nj.com/database/pd-dept/knowlton-township-warren,['Error found for http://force.nj.com/database/pd-dept/knowlton-township-warren'],,
"Liberty Township, Warren",/database/pd-dept/liberty-township-warren,http://force.nj.com/database/pd-dept/liberty-township-warren,['Error found for http://force.nj.com/database/pd-dept/liberty-township-warren'],,
"Oxford, Warren",/database/pd-dept/oxford-warren,http://force.nj.com/database/pd-dept/oxford-warren,['Error found for http://force.nj.com/database/pd-dept/oxford-warren'],,
"White, Warren",/database/pd-dept/white-warren,http://force.nj.com/database/pd-dept/white-warren,['Error found for http://force.nj.com/database/pd-dept/white-warren'],,
New Jersey State Police (NJSP),/database/pd-dept/njsp,http://force.nj.com/database/pd-dept/njsp,['No numbers found'],,
