name,url
"Aberdeen, Monmouth",/database/pd-dept/aberdeen-monmouth
"Absecon, Atlantic",/database/pd-dept/absecon-atlantic
"Allendale, Bergen",/database/pd-dept/allendale-bergen
"Allenhurst, Monmouth",/database/pd-dept/allenhurst-monmouth
"Allentown, Monmouth",/database/pd-dept/allentown-monmouth
"Alpine, Bergen",/database/pd-dept/alpine-bergen
"Andover Township, Sussex",/database/pd-dept/andover-township-sussex
"Asbury Park, Monmouth",/database/pd-dept/asbury-park-monmouth
"Atlantic City, Atlantic",/database/pd-dept/atlantic-city-atlantic
"Atlantic Highlands, Monmouth",/database/pd-dept/atlantic-highlands-monmouth
"Audubon, Camden",/database/pd-dept/audubon-camden
"Avalon, Cape May",/database/pd-dept/avalon-cape-may
"Avon-By-the-Sea, Monmouth",/database/pd-dept/avon-by-the-sea-monmouth
"Barnegat, Ocean",/database/pd-dept/barnegat-ocean
"Barrington, Camden",/database/pd-dept/barrington-camden
"Bay Head, Ocean",/database/pd-dept/bay-head-ocean
"Bayonne, Hudson",/database/pd-dept/bayonne-hudson
"Beach Haven, Ocean",/database/pd-dept/beach-haven-ocean
"Beachwood, Ocean",/database/pd-dept/beachwood-ocean
"Bedminster, Somerset",/database/pd-dept/bedminster-somerset
"Belleville, Essex",/database/pd-dept/belleville-essex
"Bellmawr, Camden",/database/pd-dept/bellmawr-camden
"Belmar, Monmouth",/database/pd-dept/belmar-monmouth
"Belvidere, Warren",/database/pd-dept/belvidere-warren
"Bergenfield, Bergen",/database/pd-dept/bergenfield-bergen
"Berkeley Heights, Union",/database/pd-dept/berkeley-heights-union
"Berkeley, Ocean",/database/pd-dept/berkeley-ocean
"Berlin Borough, Camden",/database/pd-dept/berlin-borough-camden
"Berlin Township, Camden",/database/pd-dept/berlin-township-camden
"Bernards, Somerset",/database/pd-dept/bernards-somerset
"Bernardsville, Somerset",/database/pd-dept/bernardsville-somerset
"Beverly, Burlington",/database/pd-dept/beverly-burlington
"Blairstown, Warren",/database/pd-dept/blairstown-warren
"Bloomfield, Essex",/database/pd-dept/bloomfield-essex
"Bloomingdale, Passaic",/database/pd-dept/bloomingdale-passaic
"Bogota, Bergen",/database/pd-dept/bogota-bergen
"Boonton, Morris",/database/pd-dept/boonton-morris
"Boonton Township, Morris",/database/pd-dept/boonton-township-morris
"Bordentown Township, Burlington",/database/pd-dept/bordentown-township-burlington
"Bordentown City, Burlington",/database/pd-dept/bordentown-burlington
"Bound Brook, Somerset",/database/pd-dept/bound-brook-somerset
"Bradley Beach, Monmouth",/database/pd-dept/bradley-beach-monmouth
"Branchburg, Somerset",/database/pd-dept/branchburg-somerset
"Brick, Ocean",/database/pd-dept/brick-ocean
"Bridgeton City, Cumberland",/database/pd-dept/bridgeton-city-cumberland
"Bridgewater, Somerset",/database/pd-dept/bridgewater-somerset
"Brielle, Monmouth",/database/pd-dept/brielle-monmouth
"Brigantine Beach, Atlantic",/database/pd-dept/brigantine-beach-atlantic
"Brooklawn, Camden",/database/pd-dept/brooklawn-camden
"Buena Borough, Atlantic",/database/pd-dept/buena-borough-atlantic
"Burlington City, Burlington",/database/pd-dept/burlington-city-burlington
"Burlington Township, Burlington",/database/pd-dept/burlington-town-burlington
"Butler, Morris",/database/pd-dept/butler-morris
"Byram, Sussex",/database/pd-dept/byram-sussex
"Caldwell, Essex",/database/pd-dept/caldwell-essex
"Camden, Camden",/database/pd-dept/camden-camden
"Cape May & Cape May Point & West Cape May, Cape May",/database/pd-dept/cape-may-cape-may
"Carlstadt, Bergen",/database/pd-dept/carlstadt-bergen
"Carney's Point, Salem",/database/pd-dept/carney-s-point-salem
"Carteret, Middlesex",/database/pd-dept/carteret-middlesex
"Cedar Grove, Essex",/database/pd-dept/cedar-grove-essex
"Chatham Borough, Morris",/database/pd-dept/chatham-borough-morris
"Chatham Township, Morris",/database/pd-dept/chatham-township-morris
"Cherry Hill, Camden",/database/pd-dept/cherry-hill-camden
"Chesilhurst, Camden",/database/pd-dept/chesilhurst-camden
"Chester Township & Chester Borough, Morris",/database/pd-dept/chester-township-morris
"Chesterfield, Burlington",/database/pd-dept/chesterfield-burlington
"Cinnaminson, Burlington",/database/pd-dept/cinnaminson-burlington
"Clark, Union",/database/pd-dept/clark-union
"Clayton, Gloucester",/database/pd-dept/clayton-gloucester
"Clementon, Camden",/database/pd-dept/clementon-camden
"Cliffside Park, Bergen",/database/pd-dept/cliffside-park-bergen
"Clifton, Passaic",/database/pd-dept/clifton-passaic
"Clinton Township, Hunterdon",/database/pd-dept/clinton-township-hunterdon
"Closter, Bergen",/database/pd-dept/closter-bergen
"Collingswood, Camden",/database/pd-dept/collingswood-camden
"Colts Neck, Monmouth",/database/pd-dept/colts-neck-monmouth
"Cranbury, Middlesex",/database/pd-dept/cranbury-middlesex
"Cranford, Union",/database/pd-dept/cranford-union
"Cresskill, Bergen",/database/pd-dept/cresskill-bergen
"Deal, Interlaken & Loch Arbour Village, Monmouth",/database/pd-dept/deal-monmouth
"Delanco, Burlington",/database/pd-dept/delanco-burlington
"Delaware, Hunterdon",/database/pd-dept/delaware-hunterdon
"Delran, Burlington",/database/pd-dept/delran-burlington
"Demarest, Bergen",/database/pd-dept/demarest-bergen
"Denville, Morris",/database/pd-dept/denville-morris
"Deptford, Gloucester",/database/pd-dept/deptford-gloucester
"Dover, Morris",/database/pd-dept/dover-morris
"Dumont, Bergen",/database/pd-dept/dumont-bergen
"Dunellen, Middlesex",/database/pd-dept/dunellen-middlesex
"East Brunswick, Middlesex",/database/pd-dept/east-brunswick-middlesex
"East Greenwich, Gloucester",/database/pd-dept/east-greenwich-gloucester
"East Hanover, Morris",/database/pd-dept/east-hanover-morris
"East Newark, Hudson",/database/pd-dept/east-newark-hudson
"East Orange, Essex",/database/pd-dept/east-orange-essex
"East Rutherford, Bergen",/database/pd-dept/east-rutherford-bergen
"East Windsor, Mercer",/database/pd-dept/east-windsor-mercer
"Eastampton, Burlington",/database/pd-dept/eastampton-burlington
"Eatontown, Monmouth",/database/pd-dept/eatontown-monmouth
"Edgewater Park, Burlington",/database/pd-dept/edgewater-park-burlington
"Edgewater, Bergen",/database/pd-dept/edgewater-bergen
"Edison, Middlesex",/database/pd-dept/edison-middlesex
"Egg Harbor City, Atlantic",/database/pd-dept/egg-harbor-city-atlantic
"Egg Harbor Township, Atlantic",/database/pd-dept/egg-harbor-township-atlantic
"Elizabeth, Union",/database/pd-dept/elizabeth-union
"Elk, Gloucester",/database/pd-dept/elk-gloucester
"Elmwood Park, Bergen",/database/pd-dept/elmwood-park-bergen
"Emerson, Bergen",/database/pd-dept/emerson-bergen
"Englewood Cliffs, Bergen",/database/pd-dept/englewood-cliffs-bergen
"Englewood, Bergen",/database/pd-dept/englewood-bergen
"Englishtown, Monmouth",/database/pd-dept/englishtown-monmouth
"Essex Fells, Essex",/database/pd-dept/essex-fells-essex
"Evesham, Burlington",/database/pd-dept/evesham-burlington
"Ewing, Mercer",/database/pd-dept/ewing-mercer
"Fair Haven, Monmouth",/database/pd-dept/fair-haven-monmouth
"Fairfield, Essex",/database/pd-dept/fairfield-essex
"Fairlawn, Bergen",/database/pd-dept/fairlawn-bergen
"Fairview, Bergen",/database/pd-dept/fairview-bergen
"Fanwood, Union",/database/pd-dept/fanwood-union
"Far Hills, Somerset",/database/pd-dept/far-hills-somerset
"Flemington, Hunterdon",/database/pd-dept/flemington-hunterdon
"Florence, Burlington",/database/pd-dept/florence-burlington
"Florham Park, Morris",/database/pd-dept/florham-park-morris
"Fort Lee, Bergen",/database/pd-dept/fort-lee-bergen
"Franklin, Sussex",/database/pd-dept/franklin-sussex
"Franklin Lakes, Bergen",/database/pd-dept/franklin-lakes-bergen
"Franklin, Gloucester",/database/pd-dept/franklin-gloucester
"Franklin, Somerset",/database/pd-dept/franklin-somerset
"Freehold Borough, Monmouth",/database/pd-dept/freehold-borough-monmouth
"Freehold Township, Monmouth",/database/pd-dept/freehold-township-monmouth
"Frenchtown, Hunterdon",/database/pd-dept/frenchtown-hunterdon
"Galloway, Atlantic",/database/pd-dept/galloway-atlantic
"Garfield, Bergen",/database/pd-dept/garfield-bergen
"Garwood, Union",/database/pd-dept/garwood-union
"Gibbsboro, Camden",/database/pd-dept/gibbsboro-camden
"Glassboro, Gloucester",/database/pd-dept/glassboro-gloucester
"Glen Ridge, Essex",/database/pd-dept/glen-ridge-essex
"Glen Rock, Bergen",/database/pd-dept/glen-rock-bergen
"Gloucester City, Camden",/database/pd-dept/gloucester-city-camden
"Gloucester Township, Camden",/database/pd-dept/gloucester-township-camden
"Green Brook, Somerset",/database/pd-dept/green-brook-somerset
"Greenwich, Gloucester",/database/pd-dept/greenwich-gloucester
"Greenwich, Warren",/database/pd-dept/greenwich-warren
"Guttenberg, Hudson",/database/pd-dept/guttenberg-hudson
"Hackensack, Bergen",/database/pd-dept/hackensack-bergen
"Hackettstown, Warren",/database/pd-dept/hackettstown-warren
"Haddon Heights, Camden",/database/pd-dept/haddon-heights-camden
"Haddon & Audubon Park, Camden",/database/pd-dept/haddon-camden
"Haddonfield & Tavistock, Camden",/database/pd-dept/haddonfield-camden
"Haledon, Passaic",/database/pd-dept/haledon-passaic
"Hamburg, Sussex",/database/pd-dept/hamburg-sussex
"Hamilton, Atlantic",/database/pd-dept/hamilton-atlantic
"Hamilton, Mercer",/database/pd-dept/hamilton-mercer
"Hammonton, Atlantic",/database/pd-dept/hammonton-atlantic
"Hanover, Morris",/database/pd-dept/hanover-morris
"Harding, Morris",/database/pd-dept/harding-morris
"Hardyston, Sussex",/database/pd-dept/hardyston-sussex
"Harrington Park, Bergen",/database/pd-dept/harrington-park-bergen
"Harrison, Gloucester",/database/pd-dept/harrison-gloucester
"Harrison, Hudson",/database/pd-dept/harrison-hudson
"Harvey Cedars, Ocean",/database/pd-dept/harvey-cedars-ocean
"Hasbrouck Heights, Bergen",/database/pd-dept/hasbrouck-heights-bergen
"Haworth, Bergen",/database/pd-dept/haworth-bergen
"Hawthorne, Passaic",/database/pd-dept/hawthorne-passaic
"Hazlet, Monmouth",/database/pd-dept/hazlet-monmouth
"Helmetta, Middlesex",/database/pd-dept/helmetta-middlesex
"High Bridge, Hunterdon",/database/pd-dept/high-bridge-hunterdon
"Highland Park, Middlesex",/database/pd-dept/highland-park-middlesex
"Highlands, Monmouth",/database/pd-dept/highlands-monmouth
"Hightstown, Mercer",/database/pd-dept/hightstown-mercer
"Hillsborough, Somerset",/database/pd-dept/hillsborough-somerset
"Hillsdale, Bergen",/database/pd-dept/hillsdale-bergen
"Hillside, Union",/database/pd-dept/hillside-union
"Ho-Ho-Kus, Bergen",/database/pd-dept/ho-ho-kus-bergen
"Hoboken, Hudson",/database/pd-dept/hoboken-hudson
"Holmdel, Monmouth",/database/pd-dept/holmdel-monmouth
"Hopatcong, Sussex",/database/pd-dept/hopatcong-sussex
"Hopewell Township & Hopewell Borough, Mercer",/database/pd-dept/hopewell-township-mercer
"Howell, Monmouth",/database/pd-dept/howell-monmouth
"Independence, Warren",/database/pd-dept/independence-warren
"Irvington, Essex",/database/pd-dept/irvington-essex
"Island Heights, Ocean",/database/pd-dept/island-heights-ocean
"Jackson, Ocean",/database/pd-dept/jackson-ocean
"Jamesburg, Middlesex",/database/pd-dept/jamesburg-middlesex
"Jefferson, Morris",/database/pd-dept/jefferson-morris
"Jersey City, Hudson",/database/pd-dept/jersey-city-hudson
"Keansburg, Monmouth",/database/pd-dept/keansburg-monmouth
"Kearny, Hudson",/database/pd-dept/kearny-hudson
"Kenilworth, Union",/database/pd-dept/kenilworth-union
"Keyport, Monmouth",/database/pd-dept/keyport-monmouth
"Kinnelon, Morris",/database/pd-dept/kinnelon-morris
"Lacey, Ocean",/database/pd-dept/lacey-ocean
"Lake Como, Monmouth",/database/pd-dept/lake-como-monmouth
"Lakehurst, Ocean",/database/pd-dept/lakehurst-ocean
"Lakewood, Ocean",/database/pd-dept/lakewood-ocean
"Lambertville, Hunterdon",/database/pd-dept/lambertville-hunterdon
"Laurel Springs, Camden",/database/pd-dept/laurel-springs-camden
"Lavallette, Ocean",/database/pd-dept/lavallette-ocean
"Lawrence, Mercer",/database/pd-dept/lawrence-mercer
"Lebanon Township, Hunterdon",/database/pd-dept/lebanon-hunterdon
"Leonia, Bergen",/database/pd-dept/leonia-bergen
"Lincoln Park, Morris",/database/pd-dept/lincoln-park-morris
"Linden, Union",/database/pd-dept/linden-union
"Lindenwold, Camden",/database/pd-dept/lindenwold-camden
"Linwood, Atlantic",/database/pd-dept/linwood-atlantic
"Little Egg Harbor, Ocean",/database/pd-dept/little-egg-harbor-ocean
"Little Falls, Passaic",/database/pd-dept/little-falls-passaic
"Little Ferry, Bergen",/database/pd-dept/little-ferry-bergen
"Little Silver, Monmouth",/database/pd-dept/little-silver-monmouth
"Livingston, Essex",/database/pd-dept/livingston-essex
"Lodi, Bergen",/database/pd-dept/lodi-bergen
"Logan, Gloucester",/database/pd-dept/logan-gloucester
"Long Beach  & Barnegat Light, Ocean",/database/pd-dept/long-beach-ocean
"Long Branch, Monmouth",/database/pd-dept/long-branch-monmouth
"Long Hill, Morris",/database/pd-dept/long-hill-morris
"Longport, Atlantic",/database/pd-dept/longport-atlantic
"Lopatcong, Warren",/database/pd-dept/lopatcong-warren
"Lower Alloways Creek & Elsinboro, Salem",/database/pd-dept/lower-alloways-creek-salem
"Lower Township, Cape May",/database/pd-dept/lower-township-cape-may
"Lumberton, Burlington",/database/pd-dept/lumberton-burlington
"Lyndhurst, Bergen",/database/pd-dept/lyndhurst-bergen
"Madison, Morris",/database/pd-dept/madison-morris
"Magnolia, Camden",/database/pd-dept/magnolia-camden
"Mahwah, Bergen",/database/pd-dept/mahwah-bergen
"Manalapan, Monmouth",/database/pd-dept/manalapan-monmouth
"Manasquan, Monmouth",/database/pd-dept/manasquan-monmouth
"Manchester, Ocean",/database/pd-dept/manchester-ocean
"Mansfield, Burlington",/database/pd-dept/mansfield-burlington
"Mansfield, Warren",/database/pd-dept/mansfield-warren
"Mantoloking, Ocean",/database/pd-dept/mantoloking-ocean
"Mantua, Gloucester",/database/pd-dept/mantua-gloucester
"Manville, Somerset",/database/pd-dept/manville-somerset
"Maple Shade, Burlington",/database/pd-dept/maple-shade-burlington
"Maplewood, Essex",/database/pd-dept/maplewood-essex
"Margate, Atlantic",/database/pd-dept/margate-atlantic
"Marlboro, Monmouth",/database/pd-dept/marlboro-monmouth
"Matawan, Monmouth",/database/pd-dept/matawan-monmouth
"Maywood, Bergen",/database/pd-dept/maywood-bergen
"Medford Lakes, Burlington",/database/pd-dept/medford-lakes-burlington
"Medford, Burlington",/database/pd-dept/medford-burlington
"Mendham Borough, Morris",/database/pd-dept/mendham-borough-morris
"Mendham Township, Morris",/database/pd-dept/mendham-township-morris
"Merchantville, Camden",/database/pd-dept/merchantville-camden
"Metuchen, Middlesex",/database/pd-dept/metuchen-middlesex
"Middle, Cape May",/database/pd-dept/middle-cape-may
"Middlesex, Middlesex",/database/pd-dept/middlesex-middlesex
"Middletown, Monmouth",/database/pd-dept/middletown-monmouth
"Midland Park, Bergen",/database/pd-dept/midland-park-bergen
"Millburn, Essex",/database/pd-dept/millburn-essex
"Milltown, Middlesex",/database/pd-dept/milltown-middlesex
"Millville, Cumberland",/database/pd-dept/millville-cumberland
"Monmouth Beach, Monmouth",/database/pd-dept/monmouth-beach-monmouth
"Monroe, Gloucester",/database/pd-dept/monroe-gloucester
"Monroe, Middlesex",/database/pd-dept/monroe-middlesex
"Montclair, Essex",/database/pd-dept/montclair-essex
"Montgomery, Somerset",/database/pd-dept/montgomery-somerset
"Montvale, Bergen",/database/pd-dept/montvale-bergen
"Montville, Morris",/database/pd-dept/montville-morris
"Moonachie & Teterboro, Bergen",/database/pd-dept/moonachie-bergen
"Moorestown, Burlington",/database/pd-dept/moorestown-burlington
"Morris Plains, Morris",/database/pd-dept/morris-plains-morris
"Morris Township, Morris",/database/pd-dept/morris-township-morris
"Morristown, Morris",/database/pd-dept/morristown-morris
"Mount Arlington, Morris",/database/pd-dept/mount-arlington-morris
"Mount Ephraim, Camden",/database/pd-dept/mount-ephraim-camden
"Mount Holly, Burlington",/database/pd-dept/mount-holly-burlington
"Mount Laurel, Burlington",/database/pd-dept/mount-laurel-burlington
"Mount Olive, Morris",/database/pd-dept/mount-olive-morris
"Mountain Lakes, Morris",/database/pd-dept/mountain-lakes-morris
"Mountainside, Union",/database/pd-dept/mountainside-union
"Mullica, Atlantic",/database/pd-dept/mullica-atlantic
"Neptune City, Monmouth",/database/pd-dept/neptune-city-monmouth
"Neptune Township, Monmouth",/database/pd-dept/neptune-township-monmouth
"Netcong, Morris",/database/pd-dept/netcong-morris
"New Brunswick, Middlesex",/database/pd-dept/new-brunswick-middlesex
"New Milford, Bergen",/database/pd-dept/new-milford-bergen
"New Providence, Union",/database/pd-dept/new-providence-union
"Newark, Essex",/database/pd-dept/newark-essex
"Newfield, Gloucester",/database/pd-dept/newfield-gloucester
"Newton, Sussex",/database/pd-dept/newton-sussex
"North Arlington, Bergen",/database/pd-dept/north-arlington-bergen
"North Bergen, Hudson",/database/pd-dept/north-bergen-hudson
"North Brunswick, Middlesex",/database/pd-dept/north-brunswick-middlesex
"North Caldwell, Essex",/database/pd-dept/north-caldwell-essex
"North Haledon, Passaic",/database/pd-dept/north-haledon-passaic
"North Hanover, Burlington",/database/pd-dept/north-hanover-burlington
"North Plainfield, Somerset",/database/pd-dept/north-plainfield-somerset
"North Wildwood, Cape May",/database/pd-dept/north-wildwood-cape-may
"Northfield City, Atlantic",/database/pd-dept/northfield-atlantic
"Northvale & Rockleigh Borough, Bergen",/database/pd-dept/northvale-bergen
"Norwood, Bergen",/database/pd-dept/norwood-bergen
"Nutley, Essex",/database/pd-dept/nutley-essex
"Oakland, Bergen",/database/pd-dept/oakland-bergen
"Oaklyn, Camden",/database/pd-dept/oaklyn-camden
"Ocean City, Cape May",/database/pd-dept/ocean-city-cape-may
"Ocean Gate, Ocean",/database/pd-dept/ocean-gate-ocean
"Oceanport, Monmouth",/database/pd-dept/oceanport-monmouth
"Ocean Township, Monmouth",/database/pd-dept/ocean-township-monmouth
"Ocean Township, Ocean",/database/pd-dept/ocean-township-ocean
"Ogdensburg, Sussex",/database/pd-dept/ogdensburg-sussex
"Old Bridge, Middlesex",/database/pd-dept/old-bridge-middlesex
"Old Tappan, Bergen",/database/pd-dept/old-tappan-bergen
"Oradell, Bergen",/database/pd-dept/oradell-bergen
"Orange, Essex",/database/pd-dept/orange-essex
"Palisades Park, Bergen",/database/pd-dept/palisades-park-bergen
"Palmyra, Burlington",/database/pd-dept/palmyra-burlington
"Paramus, Bergen",/database/pd-dept/paramus-bergen
"Park Ridge, Bergen",/database/pd-dept/park-ridge-bergen
"Parsippany-Troy, Morris",/database/pd-dept/parsippany-troy-morris
"Passaic, Passaic",/database/pd-dept/passaic-passaic
"Paterson, Passaic",/database/pd-dept/paterson-passaic
"Paulsboro, Gloucester",/database/pd-dept/paulsboro-gloucester
"Peapack-Gladstone, Somerset",/database/pd-dept/peapack-gladstone-somerset
"Pemberton Borough, Burlington",/database/pd-dept/pemberton-borough-burlington
"Pemberton Township, Burlington",/database/pd-dept/pemberton-township-burlington
"Pennington, Mercer",/database/pd-dept/pennington-mercer
"Penns Grove, Salem",/database/pd-dept/penns-grove-salem
"Pennsauken, Camden",/database/pd-dept/pennsauken-camden
"Pennsville, Salem",/database/pd-dept/pennsville-salem
"Pequannock, Morris",/database/pd-dept/pequannock-morris
"Perth Amboy, Middlesex",/database/pd-dept/perth-amboy-middlesex
"Phillipsburg & Alpha, Warren",/database/pd-dept/phillipsburg-warren
"Pine Beach, Ocean",/database/pd-dept/pine-beach-ocean
"Pine Hill, Camden",/database/pd-dept/pine-hill-camden
"Piscataway, Middlesex",/database/pd-dept/piscataway-middlesex
"Pitman, Gloucester",/database/pd-dept/pitman-gloucester
"Plainfield, Union",/database/pd-dept/plainfield-union
"Plainsboro, Middlesex",/database/pd-dept/plainsboro-middlesex
"Pleasantville, Atlantic",/database/pd-dept/pleasantville-atlantic
"Plumsted, Ocean",/database/pd-dept/plumsted-ocean
"Pohatcong, Warren",/database/pd-dept/pohatcong-warren
"Point Pleasant Beach, Ocean",/database/pd-dept/point-pleasant-beach-ocean
"Point Pleasant, Ocean",/database/pd-dept/point-pleasant-ocean
"Pompton Lakes, Passaic",/database/pd-dept/pompton-lakes-passaic
"Princeton & Princeton Borough (2012 only), Mercer",/database/pd-dept/princeton-mercer
"Prospect Park, Passaic",/database/pd-dept/prospect-park-passaic
"Rahway, Union",/database/pd-dept/rahway-union
"Ramsey, Bergen",/database/pd-dept/ramsey-bergen
"Randolph, Morris",/database/pd-dept/randolph-morris
"Raritan, Hunterdon",/database/pd-dept/raritan-hunterdon
"Raritan, Somerset",/database/pd-dept/raritan-somerset
"Readington, Hunterdon",/database/pd-dept/readington-hunterdon
"Red Bank, Monmouth",/database/pd-dept/red-bank-monmouth
"Ridgefield Park, Bergen",/database/pd-dept/ridgefield-park-bergen
"Ridgefield, Bergen",/database/pd-dept/ridgefield-bergen
"Ridgewood, Bergen",/database/pd-dept/ridgewood-bergen
"Ringwood, Passaic",/database/pd-dept/ringwood-passaic
"River Edge, Bergen",/database/pd-dept/river-edge-bergen
"River Vale, Bergen",/database/pd-dept/river-vale-bergen
"Riverdale, Morris",/database/pd-dept/riverdale-morris
"Riverside, Burlington",/database/pd-dept/riverside-burlington
"Riverton, Burlington",/database/pd-dept/riverton-burlington
"Robbinsville, Mercer",/database/pd-dept/robbinsville-mercer
"Rochelle Park, Bergen",/database/pd-dept/rochelle-park-bergen
"Rockaway Borough, Morris",/database/pd-dept/rockaway-borough-morris
"Rockaway Township, Morris",/database/pd-dept/rockaway-township-morris
"Roseland, Essex",/database/pd-dept/roseland-essex
"Roselle Park, Union",/database/pd-dept/roselle-park-union
"Roselle, Union",/database/pd-dept/roselle-union
"Roxbury, Morris",/database/pd-dept/roxbury-morris
"Rumson, Monmouth",/database/pd-dept/rumson-monmouth
"Runnemede, Camden",/database/pd-dept/runnemede-camden
"Rutherford, Bergen",/database/pd-dept/rutherford-bergen
"Saddle Brook, Bergen",/database/pd-dept/saddle-brook-bergen
"Saddle River, Bergen",/database/pd-dept/saddle-river-bergen
"Salem City, Salem",/database/pd-dept/salem-city-salem
"Sayreville, Middlesex",/database/pd-dept/sayreville-middlesex
"Scotch Plains, Union",/database/pd-dept/scotch-plains-union
"Sea Bright, Monmouth",/database/pd-dept/sea-bright-monmouth
"Sea Girt, Monmouth",/database/pd-dept/sea-girt-monmouth
"Sea Isle City, Cape May",/database/pd-dept/sea-isle-city-cape-may
"Seaside Heights, Ocean",/database/pd-dept/seaside-heights-ocean
"Seaside Park, Ocean",/database/pd-dept/seaside-park-ocean
"Secaucus, Hudson",/database/pd-dept/secaucus-hudson
"Ship Bottom, Ocean",/database/pd-dept/ship-bottom-ocean
"Shrewsbury, Monmouth",/database/pd-dept/shrewsbury-monmouth
"Somerdale, Camden",/database/pd-dept/somerdale-camden
"Somers Point, Atlantic",/database/pd-dept/somers-point-atlantic
"Somerville, Somerset",/database/pd-dept/somerville-somerset
"South Amboy, Middlesex",/database/pd-dept/south-amboy-middlesex
"South Bound Brook, Somerset",/database/pd-dept/south-bound-brook-somerset
"South Brunswick, Middlesex",/database/pd-dept/south-brunswick-middlesex
"South Hackensack, Bergen",/database/pd-dept/south-hackensack-bergen
"South Harrison, Gloucester",/database/pd-dept/south-harrison-gloucester
"South Orange, Essex",/database/pd-dept/south-orange-essex
"South Plainfield, Middlesex",/database/pd-dept/south-plainfield-middlesex
"South River, Middlesex",/database/pd-dept/south-river-middlesex
"South Toms River, Ocean",/database/pd-dept/south-toms-river-ocean
"Sparta, Sussex",/database/pd-dept/sparta-sussex
"Spotswood, Middlesex",/database/pd-dept/spotswood-middlesex
"Spring Lake Borough, Monmouth",/database/pd-dept/spring-lake-borough-monmouth
"Spring Lake Heights, Monmouth",/database/pd-dept/spring-lake-heights-monmouth
"Springfield, Burlington",/database/pd-dept/springfield-burlington
"Springfield, Union",/database/pd-dept/springfield-union
"Stafford, Ocean",/database/pd-dept/stafford-ocean
"Stanhope, Sussex",/database/pd-dept/stanhope-sussex
"Stone Harbor Borough, Cape May",/database/pd-dept/stone-harbor-borough-cape-may
"Stratford, Camden",/database/pd-dept/stratford-camden
"Summit, Union",/database/pd-dept/summit-union
"Surf City, Ocean",/database/pd-dept/surf-city-ocean
"Teaneck, Bergen",/database/pd-dept/teaneck-bergen
"Tenafly, Bergen",/database/pd-dept/tenafly-bergen
"Tinton Falls, Monmouth",/database/pd-dept/tinton-falls-monmouth
"Toms River, Ocean",/database/pd-dept/toms-river-ocean
"Totowa, Passaic",/database/pd-dept/totowa-passaic
"Clinton, Hunterdon",/database/pd-dept/clinton-hunterdon
"Trenton, Mercer",/database/pd-dept/trenton-mercer
"Tuckerton, Ocean",/database/pd-dept/tuckerton-ocean
"Union Beach, Monmouth",/database/pd-dept/union-beach-monmouth
"Union City, Hudson",/database/pd-dept/union-city-hudson
"Union Township, Union",/database/pd-dept/union-township-union
"Upper Saddle River, Bergen",/database/pd-dept/upper-saddle-river-bergen
"Ventnor City, Atlantic",/database/pd-dept/ventnor-city-atlantic
"Vernon, Sussex",/database/pd-dept/vernon-sussex
"Verona, Essex",/database/pd-dept/verona-essex
"Vineland, Cumberland",/database/pd-dept/vineland-cumberland
"Voorhees, Camden",/database/pd-dept/voorhees-camden
"Waldwick, Bergen",/database/pd-dept/waldwick-bergen
"Wall, Monmouth",/database/pd-dept/wall-monmouth
"Wallington, Bergen",/database/pd-dept/wallington-bergen
"Wanaque, Passaic",/database/pd-dept/wanaque-passaic
"Warren Township, Somerset",/database/pd-dept/warren-township-somerset
"Washington Township & Washington Borough, Warren",/database/pd-dept/washington-township-warren
"Washington, Bergen",/database/pd-dept/washington-bergen
"Washington, Gloucester",/database/pd-dept/washington-gloucester
"Washington & Califon Borough, Morris",/database/pd-dept/washington-morris
"Watchung, Somerset",/database/pd-dept/watchung-somerset
"Waterford, Camden",/database/pd-dept/waterford-camden
"Wayne, Passaic",/database/pd-dept/wayne-passaic
"Weehawken, Hudson",/database/pd-dept/weehawken-hudson
"Wenonah, Gloucester",/database/pd-dept/wenonah-gloucester
"West Amwell, Hunterdon",/database/pd-dept/west-amwell-hunterdon
"West Caldwell, Essex",/database/pd-dept/west-caldwell-essex
"West Deptford, Gloucester",/database/pd-dept/west-deptford-gloucester
"West Long Branch, Monmouth",/database/pd-dept/west-long-branch-monmouth
"West Milford, Passaic",/database/pd-dept/west-milford-passaic
"West New York, Hudson",/database/pd-dept/west-new-york-hudson
"West Orange, Essex",/database/pd-dept/west-orange-essex
"West Wildwood, Cape May",/database/pd-dept/west-wildwood-cape-may
"West Windsor, Mercer",/database/pd-dept/west-windsor-mercer
"Westfield, Union",/database/pd-dept/westfield-union
"Westampton, Burlington",/database/pd-dept/westampton-burlington
"Westville & National Park, Gloucester",/database/pd-dept/westville-gloucester
"Westwood, Bergen",/database/pd-dept/westwood-bergen
"Wharton & Mine Hill, Morris",/database/pd-dept/wharton-morris
"Wildwood Crest, Cape May",/database/pd-dept/wildwood-crest-cape-may
"Wildwood, Cape May",/database/pd-dept/wildwood-cape-may
"Willingboro, Burlington",/database/pd-dept/willingboro-burlington
"Winfield, Union",/database/pd-dept/winfield-union
"Winslow, Camden",/database/pd-dept/winslow-camden
"Wood-Ridge, Bergen",/database/pd-dept/wood-ridge-bergen
"Woodbridge, Middlesex",/database/pd-dept/woodbridge-middlesex
"Woodbury Heights, Gloucester",/database/pd-dept/woodbury-heights-gloucester
"Woodbury, Gloucester",/database/pd-dept/woodbury-gloucester
"Woodcliff Lake, Bergen",/database/pd-dept/woodcliff-lake-bergen
"Woodland Park, Passaic",/database/pd-dept/woodland-park-passaic
"Woodlynne, Camden",/database/pd-dept/woodlynne-camden
"Woodstown, Salem",/database/pd-dept/woodstown-salem
"Woolwich & Swedesboro, Gloucester",/database/pd-dept/woolwich-gloucester
"Wyckoff, Bergen",/database/pd-dept/wyckoff-bergen
"Hi-Nella, Camden",/database/pd-dept/hi-nella-camden
"Lawnside, Camden",/database/pd-dept/lawnside-camden
"Pine Valley, Camden",/database/pd-dept/pine%20valley-camden
"Franklin, Hunterdon",/database/pd-dept/franklin-hunterdon
"Tewksbury, Hunterdon",/database/pd-dept/tewksbury-hunterdon
"Elmer, Salem",/database/pd-dept/elmer-salem
"Holland, Hunterdon",/database/pd-dept/holland-hunterdon
"New Hanover, Burlington",/database/pd-dept/new-hanover-burlington
"Buena Vista, Atlantic",/database/pd-dept/buena-vista-atlantic
"Corbin City, Atlantic",/database/pd-dept/corbin-city-atlantic
"Estell Manor, Atlantic",/database/pd-dept/estell-manor-atlantic
"Folsom, Atlantic",/database/pd-dept/folsom-atlantic
"Port Republic City, Atlantic",/database/pd-dept/port-republic-city-atlantic
"Weymouth Township, Atlantic",/database/pd-dept/weymouth-township-atlantic
"Wrightstown, Burlington",/database/pd-dept/wrightstown-burlington
"Woodland, Burlington",/database/pd-dept/woodland-burlington
"Bass River, Burlington",/database/pd-dept/bass-river-burlington
"Hainesport, Burlington",/database/pd-dept/hainesport-burlington
"Tabernacle, Burlington",/database/pd-dept/tabernacle-burlington
"Southampton, Burlington",/database/pd-dept/southampton-burlington
"Shamong, Burlington",/database/pd-dept/shamong-burlington
"Washington, Burlington",/database/pd-dept/washington-burlington
"Dennis, Cape May",/database/pd-dept/dennis-cape-may
"Upper, Cape May",/database/pd-dept/upper-cape-may
"Woodbine, Cape May",/database/pd-dept/woodbine-cape-may
"Commercial, Cumberland",/database/pd-dept/commercial-cumberland
"Deerfield, Cumberland",/database/pd-dept/deerfield-cumberland
"Downe, Cumberland",/database/pd-dept/downe-cumberland
"Fairfield, Cumberland",/database/pd-dept/fairfield-cumberland
"Greenwich Township, Cumberland",/database/pd-dept/greenwich-township-cumberland
"Hopewell, Cumberland",/database/pd-dept/hopewell-cumberland
"Lawrence Township, Cumberland",/database/pd-dept/lawrence-township-cumberland
"Maurice River, Cumberland",/database/pd-dept/maurice-river-cumberland
"Shiloh Borough, Cumberland",/database/pd-dept/shiloh-borough-cumberland
"Stow Creek, Cumberland",/database/pd-dept/stow-creek-cumberland
"Upper Deerfield, Cumberland",/database/pd-dept/upper-deerfield-cumberland
"Alexandria, Hunterdon",/database/pd-dept/alexandria-hunterdon
"Bethlehem, Hunterdon",/database/pd-dept/bethlehem-hunterdon
"Bloomsbury Borough, Hunterdon",/database/pd-dept/bloomsbury-borough-hunterdon
"East Amwell, Hunterdon",/database/pd-dept/east-amwell-hunterdon
"Glen Gardner Borough, Hunterdon",/database/pd-dept/glen-gardner-borough-hunterdon
"Hampton, Hunterdon",/database/pd-dept/hampton-hunterdon
"Kingwood, Hunterdon",/database/pd-dept/kingwood-hunterdon
"Lebanon Borough, Hunterdon",/database/pd-dept/lebanon-borough-hunterdon
"Milford Borough, Hunterdon",/database/pd-dept/milford-borough-hunterdon
"Stockton Borough, Hunterdon",/database/pd-dept/stockton-borough-hunterdon
"Union, Hunterdon",/database/pd-dept/union-hunterdon
"Farmingdale, Monmouth",/database/pd-dept/farmingdale-monmouth
"Millstone, Monmouth",/database/pd-dept/millstone-monmouth
"Roosevelt, Monmouth",/database/pd-dept/roosevelt-monmouth
"Shrewsbury Township, Monmouth",/database/pd-dept/shrewsbury-township-monmouth
"Upper Freehold, Monmouth",/database/pd-dept/upper-freehold-monmouth
"Victory Gardens, Morris",/database/pd-dept/victory-gardens-morris
"Eagleswood, Ocean",/database/pd-dept/eagleswood-ocean
"Alloway, Salem",/database/pd-dept/alloway-salem
"Mannington, Salem",/database/pd-dept/mannington-salem
"Oldmans, Salem",/database/pd-dept/oldmans-salem
"Pilesgrove, Salem",/database/pd-dept/pilesgrove-salem
"Pittsgrove, Salem",/database/pd-dept/pittsgrove-salem
"Quinton, Salem",/database/pd-dept/quinton-salem
"Upper Pittsgrove, Salem",/database/pd-dept/upper-pittsgrove-salem
"Millstone, Somerset",/database/pd-dept/millstone-somerset
"Rocky Hill, Somerset",/database/pd-dept/rocky-hill-somerset
"Andover Borough, Sussex",/database/pd-dept/andover-borough-sussex
"Branchville Borough, Sussex",/database/pd-dept/branchville-borough-sussex
"Frankford, Sussex",/database/pd-dept/frankford-sussex
"Fredon, Sussex",/database/pd-dept/fredon-sussex
"Green, Sussex",/database/pd-dept/green-sussex
"Hampton, Sussex",/database/pd-dept/hampton-sussex
"Lafayette, Sussex",/database/pd-dept/lafayette-sussex
"Montague, Sussex",/database/pd-dept/montague-sussex
"Sandyston, Sussex",/database/pd-dept/sandyston-sussex
"Stillwater, Sussex",/database/pd-dept/stillwater-sussex
"Sussex Borough, Sussex",/database/pd-dept/sussex-borough-sussex
"Walpack Township, Sussex",/database/pd-dept/walpack-township-sussex
"Wantage, Sussex",/database/pd-dept/wantage-sussex
"Allamuchy, Warren",/database/pd-dept/allamuchy-warren
"Franklin, Warren",/database/pd-dept/franklin-warren
"Frelinghuysen, Warren",/database/pd-dept/frelinghuysen-warren
"Hardwick Township, Warren",/database/pd-dept/hardwick-township-warren
"Harmony, Warren",/database/pd-dept/harmony-warren
"Hope, Warren",/database/pd-dept/hope-warren
"Knowlton Township, Warren",/database/pd-dept/knowlton-township-warren
"Liberty Township, Warren",/database/pd-dept/liberty-township-warren
"Oxford, Warren",/database/pd-dept/oxford-warren
"White, Warren",/database/pd-dept/white-warren
New Jersey State Police (NJSP),/database/pd-dept/njsp
